wkt_geom,easting,northing,vs30,uncertainty,station,q,gid,geology_vs30,geology_stdv,tid,terrain_vs30,terrain_stdv
Point (1576480.11040564184077084 5207643.26943022757768631),1576480.11,5207643.269,224.85387,0.200000003,NA,NA,6,213.67421,0.39401674,16,218.11823,0.39540365
Point (1577001.15247628302313387 5207261.89818413648754358),1577001.152,5207261.898,205.06209,0.200000003,NA,NA,6,217.67502,0.39401674,16,218.11823,0.39540365
Point (1573315.25142704043537378 5206270.35147680062800646),1573315.251,5206270.351,164.72166,0.200000003,NA,NA,10,196.45905,0.28294012,16,218.11823,0.39540365
Point (1573808.06134810228832066 5206002.93866305891424417),1573808.061,5206002.939,151.65314,0.200000003,NA,NA,10,196.45905,0.28294012,15,220.0589,0.4556925
Point (1576829.95183842186816037 5206767.58601935394108295),1576829.952,5206767.586,220.53214,0.200000003,NA,NA,6,217.96611,0.39401674,16,218.11823,0.39540365
Point (1568063.6539701041765511 5205264.81817214842885733),1568063.654,5205264.818,225.27951,0.200000003,NA,NA,4,265.769,0.5950514,16,218.11823,0.39540365
Point (1570917.60632844362407923 5204945.38420421723276377),1570917.606,5204945.384,185.5686,0.200000003,NA,NA,10,196.45905,0.28294012,16,218.11823,0.39540365
Point (1574075.70638379128649831 5205783.01372624933719635),1574075.706,5205783.014,160.4534,0.200000003,NA,NA,10,196.45905,0.28294012,16,218.11823,0.39540365
Point (1575746.55678220675326884 5204782.34788609761744738),1575746.557,5204782.348,199.89568,0.200000003,NA,NA,6,206.22656,0.39401674,16,218.11823,0.39540365
Point (1568039.90609857090748847 5204912.94484159909188747),1568039.906,5204912.945,227.85147,0.200000003,NA,NA,4,265.9594,0.5950514,16,218.11823,0.39540365
Point (1569631.06817741063423455 5204438.090523736551404),1569631.068,5204438.091,200.34004,0.200000003,NA,NA,10,196.45905,0.28294012,16,218.11823,0.39540365
Point (1572931.09190099476836622 5203959.70859566796571016),1572931.092,5203959.709,151.51978,0.200000003,NA,NA,10,196.45905,0.28294012,16,218.11823,0.39540365
Point (1575661.82952854549512267 5204392.99453929159790277),1575661.83,5204392.995,200.48517,0.200000003,NA,NA,6,218.22244,0.39401674,16,218.11823,0.39540365
Point (1575674.57452297653071582 5204383.99762160796672106),1575674.575,5204383.998,213.54175,0.200000003,NA,NA,6,218.22244,0.39401674,16,218.11823,0.39540365
Point (1573064.51617868640460074 5202589.71179409697651863),1573064.516,5202589.712,180.70317,0.200000003,NA,NA,10,196.45905,0.28294012,15,220.0589,0.4556925
Point (1573065.26568534411489964 5202577.71621645987033844),1573065.266,5202577.716,170.5126,0.200000003,NA,NA,10,196.45905,0.28294012,15,220.0589,0.4556925
Point (1574198.08035334595479071 5201955.92897978983819485),1574198.08,5201955.929,184.84479,0.200000003,NA,NA,10,196.45905,0.28294012,16,218.11823,0.39540365
Point (1574489.73267583502456546 5202607.18184522725641727),1574489.733,5202607.182,217.80423,0.200000003,NA,NA,10,196.45905,0.28294012,16,218.11823,0.39540365
Point (1572807.56788589432835579 5199632.31148690171539783),1572807.568,5199632.311,209.11757,0.200000003,NA,NA,6,204.76987,0.39401674,16,218.11823,0.39540365
Point (1573821.44224389549344778 5200062.13996890187263489),1573821.442,5200062.14,214.86989,0.200000003,NA,NA,10,196.45905,0.28294012,16,218.11823,0.39540365
Point (1572831.55620767315849662 5199410.39376830030232668),1572831.556,5199410.394,209.66026,0.200000003,NA,NA,6,209.68175,0.39401674,16,218.11823,0.39540365
Point (1573134.67501028464175761 5197781.49868572782725096),1573134.675,5197781.499,257.55875,0.200000003,NA,NA,6,210.48042,0.39401674,16,218.11823,0.39540365
Point (1575568.50315951555967331 5197986.40043207630515099),1575568.503,5197986.4,196.16525,0.200000003,NA,NA,10,196.45905,0.28294012,15,220.0589,0.4556925
Point (1575589.49510988546535373 5197983.4013561625033617),1575589.495,5197983.401,194.31044,0.200000003,NA,NA,10,196.45905,0.28294012,15,220.0589,0.4556925
Point (1570248.00448685535229743 5197391.1604825695976615),1570248.004,5197391.16,259.79944,0.200000003,NA,NA,10,196.45905,0.28294012,16,218.11823,0.39540365
Point (1571033.70784696703776717 5196821.8680125754326582),1571033.708,5196821.868,205.715,0.200000003,NA,NA,10,196.45905,0.28294012,15,220.0589,0.4556925
Point (1571930.37209388474002481 5196932.32305823359638453),1571930.372,5196932.323,208.89049,0.200000003,NA,NA,10,196.45905,0.28294012,15,220.0589,0.4556925
Point (1572871.01874897978268564 5197086.26051739510148764),1572871.019,5197086.261,223.61743,0.200000003,NA,NA,10,196.45905,0.28294012,15,220.0589,0.4556925
Point (1573521.27114807534962893 5196876.33527174405753613),1573521.271,5196876.335,237.6489,0.200000003,NA,NA,10,196.45905,0.28294012,16,218.11823,0.39540365
Point (1575941.35304666310548782 5197323.64861002750694752),1575941.353,5197323.649,171.97668,0.200000003,NA,NA,6,218.65604,0.39401674,15,220.0589,0.4556925
Point (1570087.56033653789199889 5196623.94436934869736433),1570087.56,5196623.944,210.73853,0.200000003,NA,NA,10,196.45905,0.28294012,16,218.11823,0.39540365
Point (1571259.86949508218094707 5196098.13619436509907246),1571259.869,5196098.136,206.80559,0.200000003,NA,NA,10,196.45905,0.28294012,15,220.0589,0.4556925
Point (1572222.75878041377291083 5196403.01922540739178658),1572222.759,5196403.019,198.33429,0.200000003,NA,NA,6,190.12105,0.39401674,16,218.11823,0.39540365
Point (1573082.18330395710654557 5196278.56204492039978504),1573082.183,5196278.562,210.64896,0.200000003,NA,NA,4,258.3832,0.5950514,15,220.0589,0.4556925
Point (1573543.50824303436093032 5196255.06862856075167656),1573543.508,5196255.069,206.35316,0.200000003,NA,NA,10,196.45905,0.28294012,16,218.11823,0.39540365
Point (1575952.33837683731690049 5196255.05454664211720228),1575952.338,5196255.055,190.76573,0.200000003,NA,NA,6,239,0.39401674,15,220.0589,0.4556925
Point (1571041.94896278600208461 5195445.37958975229412317),1571041.949,5195445.38,181.46552,0.200000003,NA,NA,10,196.45905,0.28294012,15,220.0589,0.4556925
Point (1572382.19356440869159997 5195365.90680025238543749),1572382.194,5195365.907,203.12097,0.200000003,NA,NA,6,205.87247,0.39401674,15,220.0589,0.4556925
Point (1572561.87564684567041695 5195382.40017096418887377),1572561.876,5195382.4,201.25429,0.200000003,NA,NA,10,196.45905,0.28294012,16,218.11823,0.39540365
Point (1575164.3811676767654717 5194760.62694814708083868),1575164.381,5194760.627,187.72246,0.200000003,NA,NA,10,196.45905,0.28294012,16,218.11823,0.39540365
Point (1575799.88768546422943473 5195019.02579739410430193),1575799.888,5195019.026,191.10437,0.200000003,NA,NA,6,239,0.39401674,16,218.11823,0.39540365
Point (1571186.8948365047108382 5194362.28365004807710648),1571186.895,5194362.284,175.90121,0.200000003,NA,NA,10,196.45905,0.28294012,16,218.11823,0.39540365
Point (1571678.9592246706597507 5194348.78893774002790451),1571678.959,5194348.789,208.12808,0.200000003,NA,NA,6,204.76987,0.39401674,15,220.0589,0.4556925
Point (1573109.91697211284190416 5194207.84167676605284214),1573109.917,5194207.842,202.41681,0.200000003,NA,NA,6,239,0.39401674,255,NA,NA
Point (1575213.11229906650260091 5193959.43309792783111334),1575213.112,5193959.433,202.04822,0.200000003,NA,NA,6,196.98706,0.39401674,16,218.11823,0.39540365
Point (1575798.88669961038976908 5194407.75986063200980425),1575798.887,5194407.76,191.348,0.200000003,NA,NA,6,239,0.39401674,255,NA,NA
Point (1568031.08461573673412204 5193092.74403889197856188),1568031.085,5193092.744,207.06543,0.200000003,NA,NA,10,196.45905,0.28294012,16,218.11823,0.39540365
Point (1571417.06230232049711049 5193411.14033402130007744),1571417.062,5193411.14,173.32773,0.200000003,NA,NA,10,196.45905,0.28294012,15,220.0589,0.4556925
Point (1571499.28101947391405702 5193445.62758653145283461),1571499.281,5193445.628,169.8508,0.200000003,NA,NA,10,196.45905,0.28294012,15,220.0589,0.4556925
Point (1575125.89674475276842713 5193273.6958429953083396),1575125.897,5193273.696,206.28706,0.200000003,NA,NA,6,200.01996,0.39401674,15,220.0589,0.4556925
Point (1571999.5998342668171972 5192071.6468206150457263),1571999.6,5192071.647,201.30276,0.200000003,NA,NA,6,206.33885,0.39401674,16,218.11823,0.39540365
Point (1574928.97750798938795924 5191863.23685137368738651),1574928.978,5191863.237,202.56708,0.200000003,NA,NA,6,212.16489,0.39401674,16,218.11823,0.39540365
Point (1571385.09465850004926324 5190844.10654056537896395),1571385.095,5190844.107,175.74136,0.200000003,NA,NA,10,196.45905,0.28294012,16,218.11823,0.39540365
Point (1571699.47066476801410317 5191281.94346326589584351),1571699.471,5191281.943,202.18306,0.200000003,NA,NA,6,190.12105,0.39401674,15,220.0589,0.4556925
Point (1573928.87075173971243203 5190752.65882922615855932),1573928.871,5190752.659,196.89986,0.200000003,NA,NA,6,212.26068,0.39401674,16,218.11823,0.39540365
Point (1575132.65160172199830413 5191308.95065922662615776),1575132.652,5191308.951,192.2823,0.200000003,NA,NA,10,196.45905,0.28294012,16,218.11823,0.39540365
Point (1575838.37760831019841135 5191316.95003181416541338),1575838.378,5191316.95,194.12605,0.200000003,NA,NA,6,215.16214,0.39401674,16,218.11823,0.39540365
Point (1570375.99146332475356758 5189748.01009936630725861),1570375.991,5189748.01,165.94211,0.200000003,NA,NA,10,196.45905,0.28294012,15,220.0589,0.4556925
Point (1571326.12044790480285883 5190533.22347003128379583),1571326.12,5190533.223,180.81415,0.200000003,NA,NA,10,196.45905,0.28294012,16,218.11823,0.39540365
Point (1571444.07532417098991573 5190550.21806604694575071),1571444.075,5190550.218,182.28604,0.200000003,NA,NA,10,196.45905,0.28294012,16,218.11823,0.39540365
Point (1572971.74487710371613503 5190141.38601076882332563),1572971.745,5190141.386,194.40909,0.200000003,NA,NA,10,196.45905,0.28294012,16,218.11823,0.39540365
Point (1573939.86668230686336756 5190731.1671276492998004),1573939.867,5190731.167,196.2542,0.200000003,NA,NA,6,212.26068,0.39401674,16,218.11823,0.39540365
Point (1575340.82356466469354928 5190857.12566626537591219),1575340.824,5190857.126,185.89134,0.200000003,NA,NA,6,225.71506,0.39401674,15,220.0589,0.4556925
Point (1568555.44028588477522135 5189079.23734078463166952),1568555.44,5189079.237,171.52542,0.200000003,NA,NA,10,196.45905,0.28294012,16,218.11823,0.39540365
Point (1569010.2655524299480021 5189275.1705250721424818),1569010.266,5189275.171,166.34781,0.200000003,NA,NA,10,196.45905,0.28294012,16,218.11823,0.39540365
Point (1570292.53131835022941232 5189173.22559573780745268),1570292.531,5189173.226,137.34744,0.200000003,NA,NA,10,196.45905,0.28294012,15,220.0589,0.4556925
Point (1570974.26774460054002702 5189457.62642553076148033),1570974.268,5189457.626,193.96523,0.200000003,NA,NA,10,196.45905,0.28294012,16,218.11823,0.39540365
Point (1571674.50639909529127181 5188997.80878029577434063),1571674.506,5188997.809,176.41928,0.200000003,NA,NA,10,196.45905,0.28294012,16,218.11823,0.39540365
Point (1573028.47769217635504901 5189701.55449104029685259),1573028.478,5189701.554,211.08961,0.200000003,NA,NA,10,196.45905,0.28294012,15,220.0589,0.4556925
Point (1568397.27104734187014401 5187903.67390393000096083),1568397.271,5187903.674,196.15175,0.200000003,NA,NA,10,196.45905,0.28294012,16,218.11823,0.39540365
Point (1569240.69478445989079773 5188294.54126711003482342),1569240.695,5188294.541,180.34431,0.200000003,NA,NA,10,196.45905,0.28294012,16,218.11823,0.39540365
Point (1569440.62105326005257666 5188176.08887276239693165),1569440.621,5188176.089,169.80043,0.200000003,NA,NA,10,196.45905,0.28294012,16,218.11823,0.39540365
Point (1571136.96717445086687803 5188646.93533928878605366),1571136.967,5188646.935,169.24567,0.200000003,NA,NA,10,196.45905,0.28294012,15,220.0589,0.4556925
Point (1571955.15797663084231317 5188346.56010326743125916),1571955.158,5188346.56,224.0926,0.200000003,NA,NA,10,196.45905,0.28294012,16,218.11823,0.39540365
Point (1572996.01049087545834482 5188087.17245111241936684),1572996.01,5188087.172,208.86227,0.200000003,NA,NA,6,208.91597,0.39401674,15,220.0589,0.4556925
Point (1568529.24272052873857319 5186835.57632976118475199),1568529.243,5186835.576,188.72357,0.200000003,NA,NA,10,196.45905,0.28294012,15,220.0589,0.4556925
Point (1568933.33754393318668008 5186925.55026745144277811),1568933.338,5186925.55,180.70593,0.200000003,NA,NA,10,196.45905,0.28294012,16,218.11823,0.39540365
Point (1570437.00377165549434721 5187492.86249702796339989),1570437.004,5187492.862,164.42683,0.200000003,NA,NA,10,196.45905,0.28294012,16,218.11823,0.39540365
Point (1571122.7446913265157491 5187294.94863115437328815),1571122.745,5187294.949,153.5902,0.200000003,NA,NA,10,196.45905,0.28294012,16,218.11823,0.39540365
Point (1571986.15906048472970724 5187509.38006881345063448),1571986.159,5187509.38,212.03627,0.200000003,NA,NA,10,196.45905,0.28294012,16,218.11823,0.39540365
Point (1573055.00001916941255331 5187259.99106195103377104),1573055,5187259.991,203.15843,0.200000003,NA,NA,1,159.1076,0.3545938,15,220.0589,0.4556925
Point (1576067.32953333738259971 5186775.21955448389053345),1576067.33,5186775.22,197.7501,0.200000003,NA,NA,6,211.1638,0.39401674,15,220.0589,0.4556925
Point (1566217.38545126817189157 5185871.8931574635207653),1566217.385,5185871.893,193.12628,0.200000003,NA,NA,10,196.45905,0.28294012,16,218.11823,0.39540365
Point (1566699.9550842591561377 5185855.90802791807800531),1566699.955,5185855.908,180.80817,0.200000003,NA,NA,10,196.45905,0.28294012,15,220.0589,0.4556925
Point (1568246.11607280978932977 5186110.84247575048357248),1568246.116,5186110.842,196.24046,0.200000003,NA,NA,10,196.45905,0.28294012,16,218.11823,0.39540365
Point (1568876.87400175933726132 5186224.31299275625497103),1568876.874,5186224.313,167.61502,0.200000003,NA,NA,10,196.45905,0.28294012,15,220.0589,0.4556925
Point (1570057.91945769102312624 5186415.76391332875937223),1570057.919,5186415.764,200.342,0.200000003,NA,NA,10,196.45905,0.28294012,16,218.11823,0.39540365
Point (1572998.03994184965267777 5186200.89812452346086502),1572998.04,5186200.898,206.71942,0.200000003,NA,NA,6,196.98706,0.39401674,16,218.11823,0.39540365
Point (1573938.41849739337339997 5186507.7942614471539855),1573938.418,5186507.794,204.40501,0.200000003,NA,NA,1,159.1076,0.3545938,15,220.0589,0.4556925
Point (1575071.97910336474888027 5186235.41671086754649878),1575071.979,5186235.417,182.8317,0.200000003,NA,NA,6,208.65291,0.39401674,16,218.11823,0.39540365
Point (1576021.85475305584259331 5186255.92239119112491608),1576021.855,5186255.922,180.39212,0.200000003,NA,NA,6,199.03853,0.39401674,15,220.0589,0.4556925
Point (1576885.5126080522313714 5186274.42802012711763382),1576885.513,5186274.428,210.05858,0.200000003,NA,NA,6,211.6548,0.39401674,15,220.0589,0.4556925
Point (1565528.15554782352410257 5185394.05633089784532785),1565528.156,5185394.056,199.78098,0.200000003,NA,NA,10,196.45905,0.28294012,16,218.11823,0.39540365
Point (1566147.17555441940203309 5185342.08815832156687975),1566147.176,5185342.088,209.0795,0.200000003,NA,NA,10,196.45905,0.28294012,16,218.11823,0.39540365
Point (1566967.36698081321083009 5185370.59373762737959623),1566967.367,5185370.594,185.62395,0.200000003,NA,NA,10,196.45905,0.28294012,15,220.0589,0.4556925
Point (1568315.84736533905379474 5185778.46877340879291296),1568315.847,5185778.469,174.33195,0.200000003,NA,NA,10,196.45905,0.28294012,15,220.0589,0.4556925
Point (1569333.73008488910272717 5184918.31611206382513046),1569333.73,5184918.316,160.8721,0.200000003,NA,NA,10,196.45905,0.28294012,15,220.0589,0.4556925
Point (1570052.94228356913663447 5185444.13246974069625139),1570052.942,5185444.132,174.48625,0.200000003,NA,NA,10,196.45905,0.28294012,15,220.0589,0.4556925
Point (1573159.99162169406190515 5185410.20630440209060907),1573159.992,5185410.206,203.47551,0.200000003,NA,NA,6,208.97949,0.39401674,16,218.11823,0.39540365
Point (1574095.12777473800815642 5185325.7556040957570076),1574095.128,5185325.756,192.23134,0.200000003,NA,NA,1,159.1076,0.3545938,16,218.11823,0.39540365
Point (1574897.821148392977193 5184855.95283193048089743),1574897.821,5184855.953,180.71045,0.200000003,NA,NA,3,193.07104,0.2840642,15,220.0589,0.4556925
Point (1576013.12455675867386162 5185205.83458003774285316),1576013.125,5185205.835,192.99062,0.200000003,NA,NA,6,201.18008,0.39401674,16,218.11823,0.39540365
Point (1577006.98226564144715667 5185051.91236312128603458),1577006.982,5185051.912,207.14272,0.200000003,NA,NA,6,211.1638,0.39401674,15,220.0589,0.4556925
Point (1577619.7329373185057193 5185383.29109250195324421),1577619.733,5185383.291,196.05266,0.200000003,NA,NA,6,239,0.39401674,255,NA,NA
Point (1566939.15755335032008588 5184260.00778284575790167),1566939.158,5184260.008,176.61682,0.200000003,NA,NA,10,196.45905,0.28294012,16,218.11823,0.39540365
Point (1567996.25883744983002543 5184203.05361379031091928),1567996.259,5184203.054,163.80719,0.200000003,NA,NA,10,196.45905,0.28294012,16,218.11823,0.39540365
Point (1569174.30198755604214966 5184479.97841938026249409),1569174.302,5184479.978,176.74574,0.200000003,NA,NA,1,159.1076,0.3545938,16,218.11823,0.39540365
Point (1570180.42987526976503432 5183919.71582871489226818),1570180.43,5183919.716,184.84416,0.200000003,NA,NA,10,196.45905,0.28294012,15,220.0589,0.4556925
Point (1571049.09768874594010413 5183785.28818578273057938),1571049.098,5183785.288,175.94011,0.200000003,NA,NA,10,196.45905,0.28294012,15,220.0589,0.4556925
Point (1572402.81122033856809139 5184236.1451959665864706),1572402.811,5184236.145,212.24277,0.200000003,NA,NA,10,196.45905,0.28294012,15,220.0589,0.4556925
Point (1573013.0665369548369199 5184542.03954600170254707),1573013.067,5184542.04,224.1679,0.200000003,NA,NA,6,205.4891,0.39401674,15,220.0589,0.4556925
Point (1573882.49041898222640157 5183868.81897083856165409),1573882.49,5183868.819,186.20279,0.200000003,NA,NA,10,196.45905,0.28294012,15,220.0589,0.4556925
Point (1575032.53017504536546767 5184219.70446958672255278),1575032.53,5184219.704,188.69041,0.200000003,NA,NA,6,209.40173,0.39401674,15,220.0589,0.4556925
Point (1576173.57694758288562298 5184284.70033358503133059),1576173.577,5184284.7,185.18176,0.200000003,NA,NA,6,210.48042,0.39401674,15,220.0589,0.4556925
Point (1577086.96322768786922097 5184274.22165930736809969),1577086.963,5184274.222,198.97255,0.200000003,NA,NA,6,193.04825,0.39401674,15,220.0589,0.4556925
Point (1577648.48271213239058852 5184641.58581342175602913),1577648.483,5184641.586,205.02011,0.200000003,NA,NA,6,239,0.39401674,15,220.0589,0.4556925
Point (1563017.65410489053465426 5183242.78463948052376509),1563017.654,5183242.785,205.54071,0.200000003,NA,NA,10,196.45905,0.28294012,16,218.11823,0.39540365
Point (1567063.90543110808357596 5182738.58109441306442022),1567063.905,5182738.581,217.57079,0.200000003,NA,NA,10,196.45905,0.28294012,16,218.11823,0.39540365
Point (1568056.76552196755073965 5183149.95236330851912498),1568056.766,5183149.952,189.98212,0.200000003,NA,NA,10,196.45905,0.28294012,16,218.11823,0.39540365
Point (1569038.3860283128451556 5183284.42842321563512087),1569038.386,5183284.428,175.0102,0.200000003,NA,NA,10,196.45905,0.28294012,16,218.11823,0.39540365
Point (1569931.29208196070976555 5183305.94381155166774988),1569931.292,5183305.944,175.46123,0.200000003,NA,NA,10,196.45905,0.28294012,15,220.0589,0.4556925
Point (1571127.07969992142170668 5183305.97411504201591015),1571127.08,5183305.974,181.4351,0.200000003,NA,NA,10,196.45905,0.28294012,15,220.0589,0.4556925
Point (1572011.23715033731423318 5183257.51432634145021439),1572011.237,5183257.514,179.6756,0.200000003,NA,NA,10,196.45905,0.28294012,16,218.11823,0.39540365
Point (1572950.11203998071141541 5183603.90194586105644703),1572950.112,5183603.902,198.22249,0.200000003,NA,NA,10,196.45905,0.28294012,16,218.11823,0.39540365
Point (1573932.98431910225190222 5183259.55770642124116421),1573932.984,5183259.558,179.88855,0.200000003,NA,NA,10,196.45905,0.28294012,15,220.0589,0.4556925
Point (1575099.27443084376864135 5183231.59363783523440361),1575099.274,5183231.594,168.28813,0.200000003,NA,NA,10,196.45905,0.28294012,15,220.0589,0.4556925
Point (1576051.39462509867735207 5183311.58192200306802988),1576051.395,5183311.582,197.12643,0.200000003,NA,NA,10,196.45905,0.28294012,15,220.0589,0.4556925
Point (1577035.50318442052230239 5183235.63262349739670753),1577035.503,5183235.633,185.68855,0.200000003,NA,NA,6,205.87247,0.39401674,15,220.0589,0.4556925
Point (1578143.06515686237253249 5182889.79281412996351719),1578143.065,5182889.793,200.6321,0.200000003,NA,NA,6,239,0.39401674,15,220.0589,0.4556925
Point (1563146.88156838854774833 5182508.0573302349075675),1563146.882,5182508.057,225.3846,0.200000003,NA,NA,10,196.45905,0.28294012,16,218.11823,0.39540365
Point (1565315.08623704267665744 5182099.7721012644469738),1565315.086,5182099.772,196.90247,0.200000003,NA,NA,10,196.45905,0.28294012,16,218.11823,0.39540365
Point (1566241.98329214565455914 5182210.75702058989554644),1566241.983,5182210.757,194.0663,0.200000003,NA,NA,10,196.45905,0.28294012,16,218.11823,0.39540365
Point (1566951.70919042034074664 5182382.21208550687879324),1566951.709,5182382.212,234.88411,0.200000003,NA,NA,10,196.45905,0.28294012,15,220.0589,0.4556925
Point (1568237.22940273652784526 5182066.36770110111683607),1568237.229,5182066.368,209.39555,0.200000003,NA,NA,10,196.45905,0.28294012,15,220.0589,0.4556925
Point (1569000.43162593990564346 5182222.33118585962802172),1569000.432,5182222.331,175.15967,0.200000003,NA,NA,10,196.45905,0.28294012,16,218.11823,0.39540365
Point (1570017.29647336667403579 5181985.95096477773040533),1570017.296,5181985.951,181.90968,0.200000003,NA,NA,10,196.45905,0.28294012,15,220.0589,0.4556925
Point (1571062.88364563300274312 5182235.88417294062674046),1571062.884,5182235.884,192.48439,0.200000003,NA,NA,1,159.1076,0.3545938,16,218.11823,0.39540365
Point (1572072.23924229736439884 5182267.89866531174629927),1572072.239,5182267.899,193.92052,0.200000003,NA,NA,10,196.45905,0.28294012,16,218.11823,0.39540365
Point (1573052.3552423391956836 5182263.9252629280090332),1573052.355,5182263.925,194.36453,0.200000003,NA,NA,10,196.45905,0.28294012,16,218.11823,0.39540365
Point (1574117.93737055454403162 5182185.98192252404987812),1574117.937,5182185.982,174.83815,0.200000003,NA,NA,10,196.45905,0.28294012,15,220.0589,0.4556925
Point (1575020.82887153490446508 5182222.48889074381440878),1575020.829,5182222.489,186.09575,0.200000003,NA,NA,10,196.45905,0.28294012,15,220.0589,0.4556925
Point (1576047.41959223314188421 5182247.50260057020932436),1576047.42,5182247.503,190.12892,0.200000003,NA,NA,6,196.02051,0.39401674,15,220.0589,0.4556925
Point (1577028.02579681179486215 5182299.00473608355969191),1577028.026,5182299.005,175.56184,0.200000003,NA,NA,3,188.91731,0.2840642,15,220.0589,0.4556925
Point (1578147.57642959081567824 5182239.55297882109880447),1578147.576,5182239.553,194.35391,0.200000003,NA,NA,6,201.18008,0.39401674,15,220.0589,0.4556925
Point (1578442.71153381280601025 5182030.14321314450353384),1578442.712,5182030.143,206.63222,0.200000003,NA,NA,6,239,0.39401674,255,NA,NA
Point (1566237.77049016673117876 5181166.64825745858252048),1566237.77,5181166.648,205.02385,0.200000003,NA,NA,10,196.45905,0.28294012,16,218.11823,0.39540365
Point (1567040.96807548054493964 5181096.69874914921820164),1567040.968,5181096.699,209.74026,0.200000003,NA,NA,10,196.45905,0.28294012,15,220.0589,0.4556925
Point (1568019.08926706830970943 5181255.16856807749718428),1568019.089,5181255.169,201.10071,0.200000003,NA,NA,10,196.45905,0.28294012,16,218.11823,0.39540365
Point (1569094.92673731432296336 5181216.7175000449642539),1569094.927,5181216.718,212.45985,0.200000003,NA,NA,10,196.45905,0.28294012,15,220.0589,0.4556925
Point (1570023.31896058563143015 5181176.26174173783510923),1570023.319,5181176.262,178.22583,0.200000003,NA,NA,10,196.45905,0.28294012,16,218.11823,0.39540365
Point (1570998.93510276498273015 5181326.73296242207288742),1570998.935,5181326.733,178.19048,0.200000003,NA,NA,1,159.1076,0.3545938,16,218.11823,0.39540365
Point (1572099.00470182346180081 5181344.75748827867209911),1572099.005,5181344.757,184.15288,0.200000003,NA,NA,10,196.45905,0.28294012,15,220.0589,0.4556925
Point (1573142.09519133064895868 5181330.79164351243525743),1573142.095,5181330.792,166.53557,0.200000003,NA,NA,6,202.10301,0.39401674,16,218.11823,0.39540365
Point (1574013.50155620835721493 5181311.32241749949753284),1574013.502,5181311.322,193.4582,0.200000003,NA,NA,10,196.45905,0.28294012,15,220.0589,0.4556925
Point (1575046.84428622131235898 5181200.89246210549026728),1575046.844,5181200.892,192.20518,0.200000003,NA,NA,6,204.76987,0.39401674,15,220.0589,0.4556925
Point (1576113.16189217427745461 5181466.31393824517726898),1576113.162,5181466.314,192.2851,0.200000003,NA,NA,6,204.27756,0.39401674,15,220.0589,0.4556925
Point (1576744.90840526320971549 5181471.32761700823903084),1576744.908,5181471.328,186.39116,0.200000003,NA,NA,3,181.58333,0.2840642,16,218.11823,0.39540365
Point (1577963.42328220931813121 5181214.9593982920050621),1577963.423,5181214.959,177.975,0.200000003,NA,NA,0,NA,NA,255,NA,NA
Point (1578765.10694687603972852 5180836.13065114058554173),1578765.107,5180836.131,199.13791,0.200000003,NA,NA,6,239,0.39401674,15,220.0589,0.4556925
Point (1565352.64429299137555063 5180105.01768911723047495),1565352.644,5180105.018,167.33095,0.200000003,NA,NA,10,196.45905,0.28294012,16,218.11823,0.39540365
Point (1566417.97245590342208743 5180598.86722698900848627),1566417.972,5180598.867,177.344,0.200000003,NA,NA,10,196.45905,0.28294012,16,218.11823,0.39540365
Point (1567358.87995901331305504 5180163.06162538751959801),1567358.88,5180163.062,183.57124,0.200000003,NA,NA,10,196.45905,0.28294012,15,220.0589,0.4556925
Point (1567979.38800363382324576 5180280.53752283565700054),1567979.388,5180280.538,161.97495,0.200000003,NA,NA,10,196.45905,0.28294012,16,218.11823,0.39540365
Point (1569274.87741641025058925 5180602.95797326974570751),1569274.877,5180602.958,194.67313,0.200000003,NA,NA,10,196.45905,0.28294012,15,220.0589,0.4556925
Point (1570145.55421953462064266 5180168.65320132300257683),1570145.554,5180168.653,169.15259,0.200000003,NA,NA,10,196.45905,0.28294012,16,218.11823,0.39540365
Point (1571020.71210851613432169 5180194.67131509073078632),1571020.712,5180194.671,182.5936,0.200000003,NA,NA,10,196.45905,0.28294012,15,220.0589,0.4556925
Point (1571824.39084411435760558 5180400.61636601760983467),1571824.391,5180400.616,202.78473,0.200000003,NA,NA,10,196.45905,0.28294012,15,220.0589,0.4556925
Point (1573253.84254078567028046 5179918.84773101378232241),1573253.843,5179918.848,180.94688,0.200000003,NA,NA,10,196.45905,0.28294012,15,220.0589,0.4556925
Point (1573943.05934660462662578 5180253.23645740933716297),1573943.059,5180253.236,184.28987,0.200000003,NA,NA,10,196.45905,0.28294012,15,220.0589,0.4556925
Point (1575376.74080205988138914 5180163.31191264558583498),1575376.741,5180163.312,183.86073,0.200000003,NA,NA,6,199.55595,0.39401674,15,220.0589,0.4556925
Point (1575958.51295242225751281 5179973.90323880221694708),1575958.513,5179973.903,184.41458,0.200000003,NA,NA,6,205.4891,0.39401674,15,220.0589,0.4556925
Point (1578308.29668247164227068 5180655.19257824774831533),1578308.297,5180655.193,202.84523,0.200000003,NA,NA,6,239,0.39401674,16,218.11823,0.39540365
Point (1578886.08045108779333532 5179880.01971724629402161),1578886.08,5179880.02,180.0788,0.200000003,NA,NA,6,215.79422,0.39401674,15,220.0589,0.4556925
Point (1559817.51909814239479601 5178618.35290095862001181),1559817.519,5178618.353,245.63452,0.200000003,NA,NA,10,196.45905,0.28294012,15,220.0589,0.4556925
Point (1563186.24732931843027472 5179146.29620321746915579),1563186.247,5179146.296,216.77225,0.200000003,NA,NA,10,196.45905,0.28294012,16,218.11823,0.39540365
Point (1563593.09743015002459288 5179088.33318659011274576),1563593.097,5179088.333,204.01785,0.200000003,NA,NA,10,196.45905,0.28294012,16,218.11823,0.39540365
Point (1566353.29469971847720444 5179332.34238242357969284),1566353.295,5179332.342,202.59218,0.200000003,NA,NA,10,196.45905,0.28294012,15,220.0589,0.4556925
Point (1567197.47912206687033176 5179161.93606140557676554),1567197.479,5179161.936,181.45425,0.200000003,NA,NA,10,196.45905,0.28294012,16,218.11823,0.39540365
Point (1568587.94140114984475076 5179231.45940756052732468),1568587.941,5179231.459,173.18083,0.200000003,NA,NA,10,196.45905,0.28294012,16,218.11823,0.39540365
Point (1569140.98223750269971788 5179094.53194450121372938),1569140.982,5179094.532,157.58362,0.200000003,NA,NA,10,196.45905,0.28294012,15,220.0589,0.4556925
Point (1570047.62317430227994919 5179274.49475467577576637),1570047.623,5179274.495,183.03934,0.200000003,NA,NA,10,196.45905,0.28294012,16,218.11823,0.39540365
Point (1571124.45081672514788806 5179317.01506674289703369),1571124.451,5179317.015,174.77376,0.200000003,NA,NA,10,196.45905,0.28294012,15,220.0589,0.4556925
Point (1572074.57932477467693388 5179261.06831855699419975),1572074.579,5179261.068,153.29865,0.200000003,NA,NA,10,196.45905,0.28294012,15,220.0589,0.4556925
Point (1573030.95171294827014208 5179256.10103775002062321),1573030.952,5179256.101,173.71118,0.200000003,NA,NA,6,202.10301,0.39401674,15,220.0589,0.4556925
Point (1573958.33562667807564139 5179190.65578979719430208),1573958.336,5179190.656,191.93857,0.200000003,NA,NA,10,196.45905,0.28294012,15,220.0589,0.4556925
Point (1574862.219970848178491 5179357.11717847734689713),1574862.22,5179357.117,190.59962,0.200000003,NA,NA,10,196.45905,0.28294012,15,220.0589,0.4556925
Point (1575916.54899396770633757 5179300.67038462497293949),1575916.549,5179300.67,178.21489,0.200000003,NA,NA,6,200.01996,0.39401674,16,218.11823,0.39540365
Point (1579113.25344919692724943 5179254.27908240258693695),1579113.253,5179254.279,197.86664,0.200000003,NA,NA,6,239,0.39401674,255,NA,NA
Point (1559777.28594327764585614 5178573.86727266758680344),1559777.286,5178573.867,244.03906,0.200000003,NA,NA,10,196.45905,0.28294012,15,220.0589,0.4556925
Point (1563830.02824507909826934 5178624.01472353283315897),1563830.028,5178624.015,182.00475,0.200000003,NA,NA,10,196.45905,0.28294012,15,220.0589,0.4556925
Point (1565454.94830913958139718 5177826.37689478229731321),1565454.948,5177826.377,224.42552,0.200000003,NA,NA,10,196.45905,0.28294012,15,220.0589,0.4556925
Point (1566126.42951308330520988 5178135.28628383297473192),1566126.43,5178135.286,183.78494,0.200000003,NA,NA,10,196.45905,0.28294012,15,220.0589,0.4556925
Point (1566998.84805149934254587 5178085.33799930009990931),1566998.848,5178085.338,160.11989,0.200000003,NA,NA,10,196.45905,0.28294012,15,220.0589,0.4556925
Point (1567969.73609932162798941 5177800.98337003774940968),1567969.736,5177800.983,177.48816,0.200000003,NA,NA,10,196.45905,0.28294012,16,218.11823,0.39540365
Point (1569000.5753564580809325 5178076.91802382003515959),1569000.575,5178076.918,150.79477,0.200000003,NA,NA,10,196.45905,0.28294012,15,220.0589,0.4556925
Point (1570089.89688429678790271 5178175.92103462014347315),1570089.897,5178175.921,172.86806,0.200000003,NA,NA,10,196.45905,0.28294012,16,218.11823,0.39540365
Point (1571130.73731145332567394 5178216.94318536762148142),1571130.737,5178216.943,165.74644,0.200000003,NA,NA,10,196.45905,0.28294012,16,218.11823,0.39540365
Point (1572089.10870031360536814 5178241.96739976294338703),1572089.109,5178241.967,170.23106,0.200000003,NA,NA,10,196.45905,0.28294012,15,220.0589,0.4556925
Point (1573142.19131130515597761 5178246.00200317054986954),1573142.191,5178246.002,194.69577,0.200000003,NA,NA,10,196.45905,0.28294012,15,220.0589,0.4556925
Point (1574007.59520117403008044 5178290.51322332676500082),1574007.595,5178290.513,196.95844,0.200000003,NA,NA,10,196.45905,0.28294012,15,220.0589,0.4556925
Point (1575037.68995096813887358 5178076.6315784752368927),1575037.69,5178076.632,177.54152,0.200000003,NA,NA,10,196.45905,0.28294012,16,218.11823,0.39540365
Point (1575644.69196406472474337 5178199.60171729233115911),1575644.692,5178199.602,184.11772,0.200000003,NA,NA,3,171,0.2840642,16,218.11823,0.39540365
Point (1579343.42882522917352617 5178507.5887320339679718),1579343.429,5178507.589,196.91728,0.200000003,NA,NA,6,239,0.39401674,255,NA,NA
Point (1563475.9852802911773324 5176980.6118228817358613),1563475.985,5176980.612,183.82162,0.200000003,NA,NA,10,196.45905,0.28294012,16,218.11823,0.39540365
Point (1564067.00501191732473671 5177138.07842467352747917),1564067.005,5177138.078,178.52142,0.200000003,NA,NA,10,196.45905,0.28294012,16,218.11823,0.39540365
Point (1565031.61886323033832014 5177602.44427875801920891),1565031.619,5177602.444,200.41577,0.200000003,NA,NA,10,196.45905,0.28294012,16,218.11823,0.39540365
Point (1566285.65827671648003161 5177209.14321921765804291),1566285.658,5177209.143,185.90192,0.200000003,NA,NA,10,196.45905,0.28294012,15,220.0589,0.4556925
Point (1567074.3526852244976908 5177283.146303940564394),1567074.353,5177283.146,179.78906,0.200000003,NA,NA,10,196.45905,0.28294012,16,218.11823,0.39540365
Point (1568173.18210671399720013 5177199.72218850534409285),1568173.182,5177199.722,177.33463,0.200000003,NA,NA,10,196.45905,0.28294012,16,218.11823,0.39540365
Point (1569030.60158450552262366 5177130.78388640377670527),1569030.602,5177130.784,170.28088,0.200000003,NA,NA,10,196.45905,0.28294012,15,220.0589,0.4556925
Point (1570182.14724497636780143 5177233.29017323534935713),1570182.147,5177233.29,192.90164,0.200000003,NA,NA,10,196.45905,0.28294012,15,220.0589,0.4556925
Point (1570980.57937191496603191 5177339.27978618629276752),1570980.579,5177339.28,164.5333,0.200000003,NA,NA,10,196.45905,0.28294012,15,220.0589,0.4556925
Point (1571963.44483218062669039 5177247.35282439552247524),1571963.445,5177247.353,181.6769,0.200000003,NA,NA,10,196.45905,0.28294012,16,218.11823,0.39540365
Point (1573029.0186631428077817 5177332.3583898339420557),1573029.019,5177332.358,173.75996,0.200000003,NA,NA,10,196.45905,0.28294012,16,218.11823,0.39540365
Point (1573963.8995609194971621 5177220.93575194012373686),1573963.9,5177220.936,196.77559,0.200000003,NA,NA,10,196.45905,0.28294012,15,220.0589,0.4556925
Point (1574788.31132000754587352 5177442.3761005625128746),1574788.311,5177442.376,185.47987,0.200000003,NA,NA,3,179.01799,0.2840642,15,220.0589,0.4556925
Point (1575987.58400314347818494 5177262.98807657416909933),1575987.584,5177262.988,198.32352,0.200000003,NA,NA,3,228,0.2840642,15,220.0589,0.4556925
Point (1576340.94299670937471092 5177197.52639331296086311),1576340.943,5177197.526,192.25317,0.200000003,NA,NA,3,228,0.2840642,255,NA,NA
Point (1578566.03092007292434573 5177344.53913981467485428),1578566.031,5177344.539,184.4749,0.200000003,NA,NA,6,239,0.39401674,11,691.41766,0.7239429
Point (1578854.16487972135655582 5177271.57775610033422709),1578854.165,5177271.578,174.67438,0.200000003,NA,NA,6,239,0.39401674,255,NA,NA
Point (1562915.00009500468149781 5175873.49881192483007908),1562915,5175873.499,181.53586,0.200000003,NA,NA,10,196.45905,0.28294012,16,218.11823,0.39540365
Point (1564120.02524831052869558 5176278.90238656383007765),1564120.025,5176278.902,184.4472,0.200000003,NA,NA,10,196.45905,0.28294012,16,218.11823,0.39540365
Point (1564533.11080854292958975 5176443.85871183499693871),1564533.111,5176443.859,181.45413,0.200000003,NA,NA,10,196.45905,0.28294012,16,218.11823,0.39540365
Point (1566043.06839250377379358 5175729.19510599412024021),1566043.068,5175729.195,189.27417,0.200000003,NA,NA,10,196.45905,0.28294012,16,218.11823,0.39540365
Point (1566804.50783037673681974 5176118.57960195187479258),1566804.508,5176118.58,162.03189,0.200000003,NA,NA,10,196.45905,0.28294012,16,218.11823,0.39540365
Point (1567989.54296054854057729 5176277.06886808853596449),1567989.543,5176277.069,155.14278,0.200000003,NA,NA,10,196.45905,0.28294012,15,220.0589,0.4556925
Point (1569476.71697771712206304 5176182.16948040295392275),1569476.717,5176182.169,174.45598,0.200000003,NA,NA,10,196.45905,0.28294012,15,220.0589,0.4556925
Point (1570103.96578457462601364 5176303.14872864168137312),1570103.966,5176303.149,240.81691,0.200000003,NA,NA,10,196.45905,0.28294012,13,255.27419,0.65902555
Point (1571027.35972601361572742 5176115.26006235368549824),1571027.36,5176115.26,156.58267,0.200000003,NA,NA,10,196.45905,0.28294012,14,302.07278,0.53168344
Point (1571626.35380923096090555 5176586.59925286751240492),1571626.354,5176586.599,198.42905,0.200000003,NA,NA,10,196.45905,0.28294012,10,361.86108,0.53872114
Point (1572805.38319345633499324 5176648.62015037052333355),1572805.383,5176648.62,164.72057,0.200000003,NA,NA,10,196.45905,0.28294012,6,491.11566,0.68166685
Point (1574053.8777817701920867 5176825.09621611796319485),1574053.878,5176825.096,192.37817,0.200000003,NA,NA,3,228,0.2840642,16,218.11823,0.39540365
Point (1574993.01461053639650345 5176429.78760002553462982),1574993.015,5176429.788,164.39864,0.200000003,NA,NA,3,179.01799,0.2840642,15,220.0589,0.4556925
Point (1576341.46484107966534793 5176543.78959726635366678),1576341.465,5176543.79,164.68033,0.200000003,NA,NA,255,NA,NA,255,NA,NA
Point (1579021.11092044413089752 5176789.27970252279192209),1579021.111,5176789.28,174.46432,0.200000003,NA,NA,6,239,0.39401674,255,NA,NA
Point (1561322.66049711150117218 5174664.8688369132578373),1561322.66,5174664.869,232.82343,0.200000003,NA,NA,10,196.45905,0.28294012,16,218.11823,0.39540365
Point (1562703.85190772707574069 5175431.15342860110104084),1562703.852,5175431.153,193.78465,0.200000003,NA,NA,10,196.45905,0.28294012,16,218.11823,0.39540365
Point (1563093.46896222024224699 5175158.77375117689371109),1563093.469,5175158.774,201.62637,0.200000003,NA,NA,10,196.45905,0.28294012,16,218.11823,0.39540365
Point (1563926.15968754654750228 5175042.35742582660168409),1563926.16,5175042.357,190.59781,0.200000003,NA,NA,10,196.45905,0.28294012,16,218.11823,0.39540365
Point (1564889.77821923210285604 5175339.7906909417361021),1564889.778,5175339.791,177.89551,0.200000003,NA,NA,10,196.45905,0.28294012,16,218.11823,0.39540365
Point (1566088.07145545212551951 5175301.85972171183675528),1566088.071,5175301.86,169.16005,0.200000003,NA,NA,10,196.45905,0.28294012,16,218.11823,0.39540365
Point (1567655.97353713354095817 5175152.98637845553457737),1567655.974,5175152.986,221.14156,0.200000003,NA,NA,10,196.45905,0.28294012,15,220.0589,0.4556925
Point (1569073.65801225323230028 5175422.94649648107588291),1569073.658,5175422.946,153.90182,0.200000003,NA,NA,10,196.45905,0.28294012,9,495.74252,0.7043546
Point (1571374.74890764220617712 5175474.52581289410591125),1571374.749,5175474.526,233.53943,0.200000003,NA,NA,7,387.9002,0.68287367,5,736.6329,0.65327823
Point (1574998.28552525723353028 5175804.0384069187566638),1574998.286,5175804.038,244.34302,0.200000003,NA,NA,3,208.49768,0.2840642,15,220.0589,0.4556925
Point (1575504.83791659283451736 5175608.63567727245390415),1575504.838,5175608.636,249.64885,0.200000003,NA,NA,3,225.14803,0.2840642,9,495.74252,0.7043546
Point (1560931.33113453374244273 5174220.51242839265614748),1560931.331,5174220.512,258.795,0.200000003,NA,NA,10,196.45905,0.28294012,16,218.11823,0.39540365
Point (1562542.71260953205637634 5174473.50208731461316347),1562542.713,5174473.502,201.10997,0.200000003,NA,NA,10,196.45905,0.28294012,15,220.0589,0.4556925
Point (1563271.68299034377560019 5174553.50880828313529491),1563271.683,5174553.509,180.46858,0.200000003,NA,NA,10,196.45905,0.28294012,16,218.11823,0.39540365
Point (1563800.01392154605127871 5173959.75825296714901924),1563800.014,5173959.758,188.00557,0.200000003,NA,NA,10,196.45905,0.28294012,16,218.11823,0.39540365
Point (1565276.18351504718884826 5174281.70973631832748652),1565276.184,5174281.71,199.88303,0.200000003,NA,NA,10,196.45905,0.28294012,16,218.11823,0.39540365
Point (1565945.16136303707025945 5174586.12583076488226652),1565945.161,5174586.126,175.35133,0.200000003,NA,NA,10,196.45905,0.28294012,15,220.0589,0.4556925
Point (1557552.64152411906979978 5173199.19648894667625427),1557552.642,5173199.196,245.09045,0.200000003,NA,NA,10,196.45905,0.28294012,16,218.11823,0.39540365
Point (1563202.53130101342685521 5173218.50588893331587315),1563202.531,5173218.506,185.40617,0.200000003,NA,NA,10,196.45905,0.28294012,16,218.11823,0.39540365
Point (1563929.75943100964650512 5173130.07772172801196575),1563929.759,5173130.078,192.32985,0.200000003,NA,NA,10,196.45905,0.28294012,15,220.0589,0.4556925
Point (1565161.03261518478393555 5173232.10304844938218594),1565161.033,5173232.103,172.48814,0.200000003,NA,NA,10,196.45905,0.28294012,13,255.27419,0.65902555
Point (1568008.95227041514590383 5172784.91892008949071169),1568008.952,5172784.919,166.75334,0.200000003,NA,NA,7,387.9002,0.68287367,9,495.74252,0.7043546
Point (1564566.58939345204271376 5171813.61162922158837318),1564566.589,5171813.612,209.08069,0.200000003,NA,NA,10,196.45905,0.28294012,16,218.11823,0.39540365
Point (1567984.96250237664207816 5172768.92388713639229536),1567984.963,5172768.924,169.70062,0.200000003,NA,NA,7,387.9002,0.68287367,6,491.11566,0.68166685
Point (1564598.57904473226517439 5171779.62635368201881647),1564598.579,5171779.626,193.36916,0.200000003,NA,NA,10,196.45905,0.28294012,16,218.11823,0.39540365
Point (1564399.33598183584399521 5168806.75178969372063875),1564399.336,5168806.752,195.49962,0.200000003,NA,NA,10,196.45905,0.28294012,15,220.0589,0.4556925
Point (1559772.9286060631275177 5167676.87144863791763783),1559772.929,5167676.871,193.259,0.200000003,NA,NA,10,196.45905,0.28294012,15,220.0589,0.4556925
Point (1564229.45317741436883807 5168015.54481977224349976),1564229.453,5168015.545,187.71959,0.200000003,NA,NA,10,196.45905,0.28294012,15,220.0589,0.4556925
Point (1564609.52570796944200993 5168479.39085764158517122),1564609.526,5168479.391,196.85495,0.200000003,NA,NA,10,196.45905,0.28294012,15,220.0589,0.4556925
Point (1559664.98004752770066261 5167525.92020119074732065),1559664.98,5167525.92,191.52373,0.200000003,NA,NA,10,196.45905,0.28294012,15,220.0589,0.4556925
Point (1559845.91261894721537828 5167514.93712071143090725),1559845.913,5167514.937,191.06586,0.200000003,NA,NA,10,196.45905,0.28294012,16,218.11823,0.39540365
Point (1564107.80305301514454186 5167228.33952343557029963),1564107.803,5167228.34,171.10716,0.200000003,NA,NA,10,196.45905,0.28294012,15,220.0589,0.4556925
Point (1560535.77883212082087994 5165770.1426838468760252),1560535.779,5165770.143,190.72363,0.200000003,NA,NA,10,196.45905,0.28294012,16,218.11823,0.39540365
Point (1562714.94523547543212771 5165754.30846949853003025),1562714.945,5165754.308,192.32352,0.200000003,NA,NA,10,196.45905,0.28294012,16,218.11823,0.39540365
Point (1564048.4162560049444437 5165931.83520516008138657),1564048.416,5165931.835,173.7898,0.200000003,NA,NA,10,196.45905,0.28294012,16,218.11823,0.39540365
Point (1560212.47567868488840759 5164800.98407975491136312),1560212.476,5164800.984,196.1064,0.200000003,NA,NA,10,196.45905,0.28294012,16,218.11823,0.39540365
Point (1562317.11193668493069708 5165570.84976149350404739),1562317.112,5165570.85,199.878,0.200000003,NA,NA,10,196.45905,0.28294012,16,218.11823,0.39540365
Point (1563316.49400979187339544 5165325.51665105018764734),1563316.494,5165325.517,194.25891,0.200000003,NA,NA,10,196.45905,0.28294012,15,220.0589,0.4556925
Point (1563932.49864319735206664 5165411.52793592493981123),1563932.499,5165411.528,189.37384,0.200000003,NA,NA,10,196.45905,0.28294012,16,218.11823,0.39540365
Point (1559690.2221282406244427 5164191.1732867294922471),1559690.222,5164191.173,195.639,0.200000003,NA,NA,10,196.45905,0.28294012,16,218.11823,0.39540365
Point (1559710.96333401720039546 5164202.67059730086475611),1559710.963,5164202.671,178.59323,0.200000003,NA,NA,10,196.45905,0.28294012,15,220.0589,0.4556925
Point (1572133.93878792528994381 5178976.22569942474365234),1572133.939,5178976.226,288.44,0.2,AMI 2,2,10,196.45905,0.28294012,15,220.0589,0.4556925
Point (1572136.3989966968074441 5178977.5068926764652133),1572136.399,5178977.507,261.27,0.2,AMI 3,2,10,196.45905,0.28294012,15,220.0589,0.4556925
Point (1572102.11271037952974439 5178921.8646903159096837),1572102.113,5178921.865,200.99,0.2,AMI 4,2,10,196.45905,0.28294012,15,220.0589,0.4556925
Point (1572001.30604432336986065 5178854.93018093798309565),1572001.306,5178854.93,194.51,0.2,AMI 5,2,10,196.45905,0.28294012,15,220.0589,0.4556925
Point (1571935.82868707901798189 5178888.97377960290759802),1571935.829,5178888.974,197.31,0.2,AMI 6,2,10,196.45905,0.28294012,15,220.0589,0.4556925
Point (1577786.16740737669169903 5180826.65376972779631615),1577786.167,5180826.654,189.75,0.2,S New Brighton Bridge,2,6,239,0.39401674,255,NA,NA
Point (1574604.41268797381781042 5182886.66372531559318304),1574604.413,5182886.664,205.15,0.2,SW AVD 02,2,10,196.45905,0.28294012,15,220.0589,0.4556925
Point (1572955.50370581587776542 5183132.31520859058946371),1572955.504,5183132.315,203.56,0.2,SW 6426,2,10,196.45905,0.28294012,16,218.11823,0.39540365
Point (1571929.50418327702209353 5197002.8553914250805974),1571929.504,5197002.855,217.49,0.2,SW KAS 40,2,10,196.45905,0.28294012,15,220.0589,0.4556925
Point (1572452.65327357337810099 5183028.17291301302611828),1572452.653,5183028.173,174,0.2,SW 6409 / SHY09,2,10,196.45905,0.28294012,16,218.11823,0.39540365
Point (1574701.45700257131829858 5182665.0316694974899292),1574701.457,5182665.032,180.14,0.2,SW AVD 07,2,10,196.45905,0.28294012,15,220.0589,0.4556925
Point (1575766.6800251251552254 5183820.45812426507472992),1575766.68,5183820.458,177.38,0.2,SW BUR 46,2,10,196.45905,0.28294012,15,220.0589,0.4556925
Point (1570313.33049845416098833 5180888.89755700342357159),1570313.33,5180888.898,187.54,0.2,SW CBD 21,2,10,196.45905,0.28294012,15,220.0589,0.4556925
Point (1568658.30361972423270345 5180927.98921469319611788),1568658.304,5180927.989,175,0.2,SW FND 01,2,10,196.45905,0.28294012,16,218.11823,0.39540365
Point (1573004.51328033814206719 5196784.81864156574010849),1573004.513,5196784.819,169,0.2,SW KAN 03,2,10,196.45905,0.28294012,15,220.0589,0.4556925
Point (1572389.74632680346257985 5196595.92787897773087025),1572389.746,5196595.928,205,0.2,SW KAN 05,2,6,190.12105,0.39401674,16,218.11823,0.39540365
Point (1573164.86200575833208859 5196868.91661964729428291),1573164.862,5196868.917,195.47,0.2,SW KAN 19,2,10,196.45905,0.28294012,15,220.0589,0.4556925
Point (1572205.85078832251019776 5196831.57152055762708187),1572205.851,5196831.572,197,0.2,SW KAN 26,2,6,204.10103,0.39401674,15,220.0589,0.4556925
Point (1571516.68040510732680559 5196997.73869796935468912),1571516.68,5196997.739,206.16,0.2,SW KAS 20,2,10,196.45905,0.28294012,15,220.0589,0.4556925
Point (1570531.0604231278412044 5180447.55085237789899111),1570531.06,5180447.551,176,0.2,SW Z2-4,2,10,196.45905,0.28294012,16,218.11823,0.39540365
Point (1570663.88542736391536891 5180526.08587176725268364),1570663.885,5180526.086,181.4,0.2,SW Z2-6,2,10,196.45905,0.28294012,15,220.0589,0.4556925
Point (1571093.51377853937447071 5180403.38998899422585964),1571093.514,5180403.39,191.67,0.2,SW Z4-4,2,10,196.45905,0.28294012,9,495.74252,0.7043546
Point (1564886.7149976494256407 5182945.91281936317682266),1564886.715,5182945.913,294,0.2,Burnside Park,2,10,196.45905,0.28294012,16,218.11823,0.39540365
Point (1569572.57924847188405693 5176184.17137886863201857),1569572.579,5176184.171,222,0.2,Cashmere High,2,10,196.45905,0.28294012,13,255.27419,0.65902555
Point (1571538.10205338941887021 5183443.79056195355951786),1571538.102,5183443.791,160,0.2,Christchurch Park,2,10,196.45905,0.28294012,15,220.0589,0.4556925
Point (1571622.99042501649819314 5180867.01468410715460777),1571622.99,5180867.015,211,0.2,Fitzgerald,2,10,196.45905,0.28294012,13,255.27419,0.65902555
Point (1573666.0469073427375406 5178401.13933415990322828),1573666.047,5178401.139,183,0.2,Garrick Park,2,10,196.45905,0.28294012,15,220.0589,0.4556925
Point (1569320.65181096899323165 5190100.75909925997257233),1569320.652,5190100.759,223,0.2,Groynes,2,10,196.45905,0.28294012,16,218.11823,0.39540365
Point (1568979.4236737759783864 5179482.24017624277621508),1568979.424,5179482.24,188,0.2,Hagley Park,2,10,196.45905,0.28294012,15,220.0589,0.4556925
Point (1565724.054664142196998 5181051.36222689040005207),1565724.055,5181051.362,297,0.2,Ilam Fields,2,10,196.45905,0.28294012,16,218.11823,0.39540365
Point (1571123.97393482690677047 5180201.43351900856941938),1571123.974,5180201.434,192,0.2,Latimer Square,2,10,196.45905,0.28294012,16,218.11823,0.39540365
Point (1574579.81234614201821387 5181889.27511713188141584),1574579.812,5181889.275,186,0.2,Porritt Park,2,10,196.45905,0.28294012,15,220.0589,0.4556925
Point (1576478.58008841332048178 5184500.83672545850276947),1576478.58,5184500.837,202,0.2,QEII Park,2,6,205.4891,0.39401674,16,218.11823,0.39540365
Point (1568717.75971558224409819 5186177.86832485068589449),1568717.76,5186177.868,188,0.2,Redwood Park,2,10,196.45905,0.28294012,15,220.0589,0.4556925
Point (1564915.84415150713175535 5179727.89413083717226982),1564915.844,5179727.894,324,0.2,Riccarton High Fields,2,10,196.45905,0.28294012,15,220.0589,0.4556925
Point (1578520.0734299523755908 5179986.37976789847016335),1578520.073,5179986.38,184,0.2,South New Brighton Park,2,6,239,0.39401674,16,218.11823,0.39540365
Point (1586072.18807047675363719 5292104.49645148031413555),1586072.188,5292104.496,280,0.5,042A,3,4,266.58157,0.5950514,15,220.0589,0.4556925
Point (1406787.88784868828952312 4914224.68216575309634209),1406787.888,4914224.682,140,0.2,044A,2,4,266.02902,0.5950514,13,255.27419,0.65902555
Point (1623714.86480282642878592 5431110.69921556953340769),1623714.865,5431110.699,335,0.5,046A,3,4,261.68674,0.5950514,16,218.11823,0.39540365
Point (1679870.17710108426399529 5403762.60821807570755482),1679870.177,5403762.608,235,0.5,048C,3,12,782.0686,0.6023249,16,218.11823,0.39540365
Point (1679870.17710108426399529 5403762.60821807570755482),1679870.177,5403762.608,235,0.5,048D,3,12,782.0686,0.6023249,16,218.11823,0.39540365
Point (1600809.50869019189849496 5447413.13907103426754475),1600809.509,5447413.139,300,0.5,050A,3,4,260.9401,0.5950514,16,218.11823,0.39540365
Point (1483521.63597721490077674 5376422.41713970992714167),1483521.636,5376422.417,300,0.5,051B,3,4,263.5155,0.5950514,16,218.11823,0.39540365
Point (1483521.63597721490077674 5376422.41713970992714167),1483521.636,5376422.417,300,0.5,051D,3,4,263.5155,0.5950514,16,218.11823,0.39540365
Point (1505795.19753904128447175 5336649.35182159766554832),1505795.198,5336649.352,333,0.5,052A,3,4,265.79324,0.5950514,16,218.11823,0.39540365
Point (1545083.54975020512938499 5307970.41252496838569641),1545083.55,5307970.413,391,0.5,053A,3,4,273.43427,0.5950514,6,491.11566,0.68166685
Point (1623880.57227216218598187 5430588.41378328297287226),1623880.572,5430588.414,340,0.5,056A,3,4,268.93414,0.5950514,15,220.0589,0.4556925
Point (1433314.09513160050846636 5268511.73233864363282919),1433314.095,5268511.732,278,0.5,057A,3,12,782.0686,0.6023249,16,218.11823,0.39540365
Point (1186830.18330777902156115 4957213.88196876272559166),1186830.183,4957213.882,298,0.5,070A,3,4,265.13727,0.5950514,16,218.11823,0.39540365
Point (1348556.87761299195699394 4874759.94637655932456255),1348556.878,4874759.946,400,0.5,075A,3,255,NA,NA,255,NA,NA
Point (1488782.50768646458163857 5368110.00971868354827166),1488782.508,5368110.01,1000,0.5,083A,3,0,NA,NA,255,NA,NA
Point (1294402.92477680277079344 5043728.68855474516749382),1294402.925,5043728.689,326,0.5,089A,3,11,398.11197,0.53134197,10,361.86108,0.53872114
Point (1532497.60273951035924256 5312835.63633555546402931),1532497.603,5312835.636,465,0.5,103A,3,4,270.95294,0.5950514,13,255.27419,0.65902555
Point (1302221.12434021383523941 5005797.0462872963398695),1302221.124,5005797.046,520,0.5,118B,3,0,NA,NA,255,NA,NA
Point (1543911.23010707856155932 5371931.96861163061112165),1543911.23,5371931.969,500,0.5,122A,3,4,264.62775,0.5950514,14,302.07278,0.53168344
Point (1544100.46378810331225395 5372211.30531270988285542),1544100.464,5372211.305,500,0.5,129A,3,4,262.42145,0.5950514,15,220.0589,0.4556925
Point (1616893.83261192659847438 5386887.44565904699265957),1616893.833,5386887.446,367,0.5,130B,3,4,274.81845,0.5950514,10,361.86108,0.53872114
Point (1600994.17096338793635368 5449011.73913093376904726),1600994.171,5449011.739,210,0.5,257A,3,4,261.48254,0.5950514,16,218.11823,0.39540365
Point (1623723.81092440406791866 5431110.67004818562418222),1623723.811,5431110.67,335,0.5,259A,3,4,261.68674,0.5950514,16,218.11823,0.39540365
Point (1684425.04401199193671346 5428682.74394230265170336),1684425.044,5428682.744,400,0.5,262A,3,4,268.72726,0.5950514,255,NA,NA
Point (1590120.13425989192910492 5400889.60059659834951162),1590120.134,5400889.601,390,0.5,264A,3,4,273.8766,0.5950514,10,361.86108,0.53872114
Point (1543363.35855052550323308 5371961.10497881006449461),1543363.359,5371961.105,280,0.5,265A,3,4,271.9785,0.5950514,10,361.86108,0.53872114
Point (1483529.24737540469504893 5376422.54111082293093204),1483529.247,5376422.541,300,0.5,266A,3,4,263.5155,0.5950514,16,218.11823,0.39540365
Point (1505795.19753904128447175 5336649.35182159766554832),1505795.198,5336649.352,333,0.5,267A,3,4,265.79324,0.5950514,16,218.11823,0.39540365
Point (1452859.03738485090434551 5298829.36002441961318254),1452859.037,5298829.36,210,0.5,268A,3,4,275,0.5950514,16,218.11823,0.39540365
Point (1656124.26545688323676586 5304751.20752043649554253),1656124.265,5304751.208,500,0.5,270A,3,6,231.20462,0.39401674,9,495.74252,0.7043546
Point (1433313.8295506713911891 5268522.74636517651379108),1433313.83,5268522.746,278,0.5,272A,3,12,782.0686,0.6023249,16,218.11823,0.39540365
Point (1562661.13307315157726407 5184783.65641139633953571),1562661.133,5184783.656,400,0.5,275A,3,10,196.45905,0.28294012,16,218.11823,0.39540365
Point (1483084.96425150777213275 5243927.93336741719394922),1483084.964,5243927.933,300,0.2,505A,2,4,275,0.5950514,10,361.86108,0.53872114
Point (1440251.45720223570242524 5003927.0606384901329875),1440251.457,5003927.061,312,0.5,507A,3,4,275,0.5950514,16,218.11823,0.39540365
Point (1623231.09630338987335563 5431700.49096391163766384),1623231.096,5431700.491,350,0.5,925A,3,2,367.4674,0.25372875,11,691.41766,0.7239429
Point (1258372.05744665348902345 5004375.51311909593641758),1258372.057,5004375.513,354,0.5,940A,3,6,235.79393,0.39401674,10,361.86108,0.53872114
Point (1597063.21836956986226141 5149128.05334310419857502),1597063.218,5149128.053,435,0.1,AKSS,1,7,387.9002,0.68287367,9,495.74252,0.7043546
Point (1483160.84234804147854447 5243859.30855797789990902),1483160.842,5243859.309,300,0.2,APPS,2,4,275,0.5950514,14,302.07278,0.53168344
Point (1377086.89327381760813296 5061763.20034551527351141),1377086.893,5061763.2,800,0.5,BENS,3,2,418,0.25372875,255,NA,NA
Point (1610744.01727391220629215 5418024.56875710282474756),1610744.017,5418024.569,500,0.5,BTWS,3,4,264.69595,0.5950514,14,302.07278,0.53168344
Point (1561993.72988904314115644 5185419.65711766574531794),1561993.73,5185419.657,435,0.1,CACS,1,10,196.45905,0.28294012,16,218.11823,0.39540365
Point (1569283.76825586846098304 5180329.27269317768514156),1569283.768,5180329.273,197,0.1,CBGS,1,10,196.45905,0.28294012,15,220.0589,0.4556925
Point (1571514.66248991852626204 5179368.48359264805912971),1571514.662,5179368.484,182,0.1,CCCC,1,10,196.45905,0.28294012,15,220.0589,0.4556925
Point (1569904.77068857988342643 5179600.83718990720808506),1569904.771,5179600.837,196,0.1,CHHC,1,10,196.45905,0.28294012,13,255.27419,0.65902555
Point (1569649.67535534291528165 5176302.72341664042323828),1569649.675,5176302.723,213,0.1,CMHS,1,10,196.45905,0.28294012,15,220.0589,0.4556925
Point (1569576.63684976333752275 5175288.98086981102824211),1569576.637,5175288.981,900,0.2,CRLZ,2,8,405.4836,0.5624408,7,769.95667,0.7053239
Point (1119289.18327428889460862 4966179.45096105709671974),1119289.183,4966179.451,1500,0.5,CSBF,3,15,1068.298,0.6903283,5,736.6329,0.65327823
Point (1583847.38062916719354689 5265879.79889075178653002),1583847.381,5265879.799,407,0.1,CULC,1,4,264.0701,0.5950514,16,218.11823,0.39540365
Point (1441177.65671906038187444 5083633.62406721338629723),1441177.657,5083633.624,1500,0.5,CVZ,3,15,1068.298,0.6903283,7,769.95667,0.7053239
Point (1571343.72479734569787979 5171765.06448076758533716),1571343.725,5171765.064,1000,0.5,D13C,3,15,1068.298,0.6903283,9,495.74252,0.7043546
Point (1406150.22067634225822985 4916880.37739934120327234),1406150.221,4916880.377,600,0.5,DCDS,3,15,1068.298,0.6903283,12,502.12625,0.6824076
Point (1142961.93127864180132747 4948773.24783934373408556),1142961.931,4948773.248,1500,0.5,DCZ,3,15,1068.298,0.6903283,5,736.6329,0.65327823
Point (1126643.3385455016978085 4976846.85891951527446508),1126643.339,4976846.859,1500,0.5,DECF,3,15,1068.298,0.6903283,255,NA,NA
Point (1527402.00285507249645889 5184413.95656780619174242),1527402.003,5184413.957,515,0.1,DFHS,1,4,263.81226,0.5950514,16,218.11823,0.39540365
Point (1407021.26755350129678845 4918216.76303954888135195),1407021.268,4918216.763,600,0.5,DGNS,3,7,387.9002,0.68287367,13,255.27419,0.65902555
Point (1500605.58639077795669436 5377849.44729919545352459),1500605.586,5377849.447,800,0.5,DSZ,3,12,782.0686,0.6023249,12,502.12625,0.6824076
Point (1403813.5278821021784097 4913379.29385986272245646),1403813.528,4913379.294,500,0.2,DUNS,2,15,1068.298,0.6903283,7,769.95667,0.7053239
Point (1426205.68126112222671509 5114877.39373626373708248),1426205.681,5114877.394,301,0.5,FDCS,3,7,387.9002,0.68287367,16,218.11823,0.39540365
Point (1342678.71823936281725764 5175165.61258902493864298),1342678.718,5175165.613,1000,0.5,FOZ,3,15,1068.298,0.6903283,5,736.6329,0.65327823
Point (1526436.15244783228263259 5173684.05010783486068249),1526436.152,5173684.05,457,0.1,GDLC,1,4,263.4692,0.5950514,16,218.11823,0.39540365
Point (1433282.97716366383247077 5268609.74194831028580666),1433282.977,5268609.742,278,0.5,HMCS,3,12,782.0686,0.6023249,16,218.11823,0.39540365
Point (1515969.81985209695994854 5178731.43336893245577812),1515969.82,5178731.433,531,0.1,HORC,1,4,264.0701,0.5950514,16,218.11823,0.39540365
Point (1586077.18598575843498111 5292112.13092521484941244),1586077.186,5292112.131,280,0.5,HSES,3,4,266.58157,0.5950514,15,220.0589,0.4556925
Point (1576539.76302159228362143 5174756.4250860158354044),1576539.763,5174756.425,348,0.1,HVSC,1,8,405.4836,0.5624408,6,491.11566,0.68166685
Point (1472615.33737289067357779 5268604.77507103234529495),1472615.337,5268604.775,1500,0.5,INZ,3,15,1068.298,0.6903283,11,691.41766,0.7239429
Point (1248001.51731850113719702 5121831.32607709057629108),1248001.517,5121831.326,800,0.5,JCWJ,3,12,782.0686,0.6023249,5,736.6329,0.65327823
Point (1262509.96807617926970124 5111353.88022981770336628),1262509.968,5111353.88,1500,0.5,JCZ,3,15,1068.298,0.6903283,3,934.96515,0.6438865
Point (1656114.22585807391442358 5302719.26733539532870054),1656114.226,5302719.267,800,0.5,KIKS,3,6,239,0.39401674,16,218.11823,0.39540365
Point (1572762.55538325430825353 5197323.15551101136952639),1572762.555,5197323.156,257,0.1,KPOC,1,10,196.45905,0.28294012,16,218.11823,0.39540365
Point (1375728.06306700361892581 5081447.28215562272816896),1375728.063,5081447.282,1000,0.5,LBZ,3,12,782.0686,0.6023249,5,736.6329,0.65327823
Point (1578184.97828092123381793 5171564.57896434795111418),1578184.978,5171564.579,600,0.5,LCQC,3,2,418,0.25372875,255,NA,NA
Point (1557078.51045099715702236 5169840.82036533113569021),1557078.51,5169840.82,292,0.1,LINC,1,10,196.45905,0.28294012,16,218.11823,0.39540365
Point (1577789.43897922243922949 5171644.20029139705002308),1577789.439,5171644.2,760,0.5,LPCC,3,2,418,0.25372875,255,NA,NA
Point (1540373.75506804860197008 5263172.74825625494122505),1540373.755,5263172.748,1000,0.5,LTZ,3,12,782.0686,0.6023249,6,491.11566,0.68166685
Point (1153144.64773868629708886 4943198.50654064584523439),1153144.648,4943198.507,1500,0.5,MANS,3,15,1068.298,0.6903283,255,NA,NA
Point (1544175.20582906599156559 5372218.24333594087511301),1544175.206,5372218.243,501,0.5,MCAS,3,4,262.42145,0.5950514,15,220.0589,0.4556925
Point (1678813.11714723217301071 5404452.78385735861957073),1678813.117,5404452.784,402,0.1,MGCS,1,12,782.0686,0.6023249,16,218.11823,0.39540365
Point (1217722.56545208906754851 4964727.3406564574688673),1217722.565,4964727.341,1500,0.5,MLZ,3,15,1068.298,0.6903283,5,736.6329,0.65327823
Point (1621287.90142625290900469 5340418.42971767205744982),1621287.901,5340418.43,600,0.5,MOLS,3,7,387.9002,0.68287367,5,736.6329,0.65327823
Point (1197850.11019564094021916 5040802.28654351457953453),1197850.11,5040802.287,1500,0.5,MSZ,3,4,272.6435,0.5950514,255,NA,NA
Point (1197780.18275562068447471 5040833.23026980552822351),1197780.183,5040833.23,600,0.5,MSZS,3,4,272.6435,0.5950514,255,NA,NA
Point (1578283.92967981728725135 5182861.8416015412658453),1578283.93,5182861.842,189,0.1,NBLC,1,6,239,0.39401674,255,NA,NA
Point (1623759.67147888615727425 5431133.84512268472462893),1623759.671,5431133.845,335,0.5,NCBS,3,4,261.68674,0.5950514,16,218.11823,0.39540365
Point (1622963.91930088866502047 5429256.93826988060027361),1622963.919,5429256.938,550,0.5,NELS,3,12,782.0686,0.6023249,9,495.74252,0.7043546
Point (1623188.65650164359249175 5431618.46885411068797112),1623188.657,5431618.469,350,0.5,NLMS,3,2,418,0.25372875,9,495.74252,0.7043546
Point (1577200.36122654308564961 5184127.95976510643959045),1577200.361,5184127.96,204,0.1,NNBS,1,6,190.12105,0.39401674,15,220.0589,0.4556925
Point (1631809.1602127505466342 5437072.68745740596204996),1631809.16,5437072.687,1000,0.5,NNZ,3,12,782.0686,0.6023249,6,491.11566,0.68166685
Point (1413603.71883911313489079 4915994.89806367270648479),1413603.719,4915994.898,1500,0.5,OPZ,3,15,1068.298,0.6903283,4,1023.52203,0.707888
Point (1522028.71923421998508275 5202544.39980101585388184),1522028.719,5202544.4,1000,0.5,OXZ,3,15,1068.298,0.6903283,11,691.41766,0.7239429
Point (1579869.49089226499199867 5176087.79552046488970518),1579869.491,5176087.796,750,0.5,PARS,3,15,1068.298,0.6903283,7,769.95667,0.7053239
Point (1568217.81241433206014335 5184377.93104093801230192),1568217.812,5184377.931,180,0.1,PPHS,1,10,196.45905,0.28294012,15,220.0589,0.4556925
Point (1574364.65763256489299238 5180742.87950496003031731),1574364.658,5180742.88,196,0.1,PRPC,1,10,196.45905,0.28294012,16,218.11823,0.39540365
Point (1112189.73785136826336384 4868036.58773424010723829),1112189.738,4868036.588,1000,0.5,PYZ,3,15,1068.298,0.6903283,3,934.96515,0.6438865
Point (1560296.00718345167115331 5480504.54701378289610147),1560296.007,5480504.547,1000,0.5,QRZ,3,15,1068.298,0.6903283,7,769.95667,0.7053239
Point (1578407.00292056938633323 5177189.85616156086325645),1578407.003,5177189.856,433,0.5,RCBS,3,8,405.4836,0.5624408,7,769.95667,0.7053239
Point (1570514.38714888109825552 5181156.69008769001811743),1570514.387,5181156.69,155,0.1,REHS,1,10,196.45905,0.28294012,16,218.11823,0.39540365
Point (1580372.13757890136912465 5175699.51509769354015589),1580372.138,5175699.515,900,0.5,RHBS,3,15,1068.298,0.6903283,3,934.96515,0.6438865
Point (1564805.81635674019344151 5179549.37843032460659742),1564805.816,5179549.378,286,0.1,RHSC,1,10,196.45905,0.28294012,15,220.0589,0.4556925
Point (1521355.36173280375078321 5155267.59463953133672476),1521355.362,5155267.595,452,0.1,RKAC,1,10,196.45905,0.28294012,15,220.0589,0.4556925
Point (1550041.16168884886428714 5173164.15625986829400063),1550041.162,5173164.156,447,0.1,ROLC,1,10,196.45905,0.28294012,15,220.0589,0.4556925
Point (1443222.87077128514647484 5157983.9224911741912365),1443222.871,5157983.922,1000,0.5,RPZ,3,7,387.9002,0.68287367,6,491.11566,0.68166685
Point (1119892.67902006069198251 4974315.07231154851615429),1119892.679,4974315.072,1000,0.5,SECF,3,15,1068.298,0.6903283,6,491.11566,0.68166685
Point (1572789.46937931748107076 5183010.90251930709928274),1572789.469,5183010.903,201,0.1,SHLC,1,10,196.45905,0.28294012,15,220.0589,0.4556925
Point (1406821.82424270897172391 4914200.28816654533147812),1406821.824,4914200.288,140,0.2,SKFS,2,4,266.02902,0.5950514,11,691.41766,0.7239429
Point (1544985.04425887740217149 5163982.56862013041973114),1544985.044,5163982.569,327,0.1,SLRC,1,10,196.45905,0.28294012,16,218.11823,0.39540365
Point (1568766.12170710926875472 5187192.33573972713202238),1568766.122,5187192.336,219,0.1,SMTC,1,10,196.45905,0.28294012,15,220.0589,0.4556925
Point (1571343.72479734569787979 5171765.06448076758533716),1571343.725,5171765.064,1000,0.5,STKS,3,15,1068.298,0.6903283,9,495.74252,0.7043546
Point (1559114.98923837137408555 5198035.17600491363555193),1559114.989,5198035.176,546,0.1,SWNC,1,4,262.97467,0.5950514,16,218.11823,0.39540365
Point (1303936.9972717824857682 4839051.28634973801672459),1303936.997,4839051.286,800,0.5,SYZ,3,4,270.76617,0.5950514,9,495.74252,0.7043546
Point (1186821.64296866510994732 4957179.69695136602967978),1186821.643,4957179.697,298,0.5,TAFS,3,4,265.13727,0.5950514,16,218.11823,0.39540365
Point (1706999.76134571642614901 5437104.73287883680313826),1706999.761,5437104.733,1000,0.5,TCW,3,15,1068.298,0.6903283,4,1023.52203,0.707888
Point (1592120.79058109456673265 5376591.1199437016621232),1592120.791,5376591.12,800,0.5,THZ,3,4,275,0.5950514,2,730.71454,0.7424247
Point (1557345.7129732146859169 5177970.77580421045422554),1557345.713,5177970.776,398,0.1,TPLC,1,10,196.45905,0.28294012,16,218.11823,0.39540365
Point (1583644.79942420427687466 5272347.66649583633989096),1583644.799,5272347.666,478,0.1,WIGC,1,4,264.23557,0.5950514,16,218.11823,0.39540365
Point (1285178.28078160458244383 5028545.50399157498031855),1285178.281,5028545.504,1000,0.5,WKZ,3,15,1068.298,0.6903283,5,736.6329,0.65327823
Point (1294392.8908715914003551 5043735.85746378265321255),1294392.891,5043735.857,330,0.5,WNPS,3,11,398.11197,0.53134197,9,495.74252,0.7043546
Point (1604394.79915375495329499 5281441.45202592946588993),1604394.799,5281441.452,504,0.1,WTMC,1,4,268.6927,0.5950514,11,691.41766,0.7239429
Point (1415769.84731759806163609 5228754.71213369816541672),1415769.847,5228754.712,270,0.5,WVAS,3,15,1068.298,0.6903283,16,218.11823,0.39540365
Point (1415745.9392750752158463 5228442.88587423134595156),1415745.939,5228442.886,1000,0.5,WVZ,3,15,1068.298,0.6903283,15,220.0589,0.4556925
Point (1571672.43435128941200674 5219521.43622170016169548),1571672.434,5219521.436,800,0.5,AMCZ,3,12,782.0686,0.6023249,5,736.6329,0.65327823
Point (1217860.0545909870415926 4801322.91743017639964819),1217860.055,4801322.917,1500,0.5,APZ,3,15,1068.298,0.6903283,11,691.41766,0.7239429
Point (1312188.33505129045806825 4980996.60262272413820028),1312188.335,4980996.603,1000,0.5,AXZ,3,15,1068.298,0.6903283,9,495.74252,0.7043546
Point (1162547.57178446231409907 5024929.24775529839098454),1162547.572,5024929.248,1500,0.5,BCOF,3,15,1068.298,0.6903283,1,791.7739,0.6686169
Point (1280673.40714082168415189 5120707.46848984062671661),1280673.407,5120707.468,1500,0.5,BRAH,3,15,1068.298,0.6903283,7,769.95667,0.7053239
Point (1111679.04695388651452959 4934105.59155909810215235),1111679.047,4934105.592,1500,0.5,BRKS,3,15,1068.298,0.6903283,7,769.95667,0.7053239
Point (1700920.72689287597313523 5377377.7730393223464489),1700920.727,5377377.773,800,0.5,CMWZ,3,12,782.0686,0.6023249,15,220.0589,0.4556925
Point (1124883.76427519926801324 4982914.86803473252803087),1124883.764,4982914.868,1500,0.5,COHF,3,15,1068.298,0.6903283,255,NA,NA
Point (1667376.58271785569377244 5333850.48613707441836596),1667376.583,5333850.486,1000,0.5,CRSZ,3,12,782.0686,0.6023249,11,691.41766,0.7239429
Point (1133425.95739508140832186 4994239.11803046055138111),1133425.957,4994239.118,1500,0.5,CS2F,3,15,1068.298,0.6903283,255,NA,NA
Point (1118163.94987527187913656 4952478.61921882349997759),1118163.95,4952478.619,1500,0.5,DAGG,3,15,1068.298,0.6903283,255,NA,NA
Point (1105152.45692965341731906 4916933.13549943920224905),1105152.457,4916933.135,1500,0.5,DKCV,3,15,1068.298,0.6903283,4,1023.52203,0.707888
Point (1151561.0392333478666842 5012045.61119686253368855),1151561.039,5012045.611,1500,0.5,ELDF,3,15,1068.298,0.6903283,2,730.71454,0.7424247
Point (1115665.79856357118114829 4964784.54960301425307989),1115665.799,4964784.55,1500,0.5,FBYF,3,15,1068.298,0.6903283,4,1023.52203,0.707888
Point (1413603.71883911313489079 4915994.89806367270648479),1413603.719,4915994.898,1500,0.5,HHSZ,3,15,1068.298,0.6903283,4,1023.52203,0.707888
Point (1097104.12527653737924993 4894742.27735692635178566),1097104.125,4894742.277,1500,0.5,LFRZ,3,15,1068.298,0.6903283,11,691.41766,0.7239429
Point (1299479.10019962815567851 5153011.48102287016808987),1299479.1,5153011.481,800,0.5,LMZ,3,7,387.9002,0.68287367,10,361.86108,0.53872114
Point (1118279.42900915537029505 4888824.43814556580036879),1118279.429,4888824.438,1500,0.5,LSTC,3,15,1068.298,0.6903283,8,614.3239,0.71882683
Point (1604793.2245531789958477 5158862.55531683936715126),1604793.225,5158862.555,1500,0.5,OKCZ,3,15,1068.298,0.6903283,7,769.95667,0.7053239
Point (1586426.03393365605734289 5152473.7697904696688056),1586426.034,5152473.77,1500,0.5,OKUC,3,15,1068.298,0.6903283,4,1023.52203,0.707888
Point (1180309.86316289426758885 5039368.90664646029472351),1180309.863,5039368.907,1500,0.5,RONF,3,15,1068.298,0.6903283,1,791.7739,0.6686169
Point (1175791.3245902641210705 5033696.22403898369520903),1175791.325,5033696.224,1500,0.5,RUGF,3,15,1068.298,0.6903283,1,791.7739,0.6686169
Point (1127209.6819624756462872 4969292.48868808709084988),1127209.682,4969292.489,1500,0.5,SCLF,3,15,1068.298,0.6903283,7,769.95667,0.7053239
Point (1126934.90931051759980619 4920736.18045276589691639),1126934.909,4920736.18,1500,0.5,SPCV,3,15,1068.298,0.6903283,4,1023.52203,0.707888
Point (1141711.53604588331654668 5002056.38391999155282974),1141711.536,5002056.384,1500,0.5,TANF,3,15,1068.298,0.6903283,2,730.71454,0.7424247
Point (1678781.77661171182990074 5413145.84192156139761209),1678781.777,5413145.842,1000,0.5,TUWZ,3,15,1068.298,0.6903283,11,691.41766,0.7239429
Point (1282674.80811117822304368 5133273.09869254194200039),1282674.808,5133273.099,1500,0.5,ZIHA,3,15,1068.298,0.6903283,7,769.95667,0.7053239
Point (1613756.64885964756831527 5340484.11031094845384359),1613756.649,5340484.11,800,0.5,AC3A,3,4,273.36438,0.5950514,6,491.11566,0.68166685
Point (1118182.5627086628228426 4960753.62090421281754971),1118182.563,4960753.621,1500,0.5,FRBF,3,15,1068.298,0.6903283,3,934.96515,0.6438865
Point (1131613.79869423666968942 4983405.33751210942864418),1131613.799,4983405.338,1500,0.5,MTNF,3,15,1068.298,0.6903283,3,934.96515,0.6438865
Point (1196775.67931099096313119 4860753.94543273374438286),1196775.679,4860753.945,1000,0.5,ORPS,3,12,782.0686,0.6023249,11,691.41766,0.7239429
Point (1108366.77946844673715532 4921238.83384318463504314),1108366.779,4921238.834,1500,0.5,RLNS,3,15,1068.298,0.6903283,3,934.96515,0.6438865
Point (1125501.25907872384414077 4969698.08110963739454746),1125501.259,4969698.081,1500,0.5,SCTS,3,15,1068.298,0.6903283,4,1023.52203,0.707888
Point (1582682.76965114171616733 5326335.46096701268106699),1582682.77,5326335.461,800,0.5,TENS,3,12,782.0686,0.6023249,11,691.41766,0.7239429
Point (1141764.50122144934721291 5001992.46872406173497438),1141764.501,5001992.469,1500,0.5,TLBF,3,15,1068.298,0.6903283,2,730.71454,0.7424247
Point (1415677.48091645305976272 5228399.91433476097881794),1415677.481,5228399.914,1000,0.5,WVZS,3,15,1068.298,0.6903283,15,220.0589,0.4556925
Point (1669591.43775701220147312 5393652.98328208271414042),1669591.438,5393652.983,1000,0.5,CSSR,3,12,782.0686,0.6023249,11,691.41766,0.7239429
Point (1634266.77547877281904221 5343423.40495085529983044),1634266.775,5343423.405,1000,0.5,SM1F,3,12,782.0686,0.6023249,11,691.41766,0.7239429
