wkt_geom,easting,northing,vs30,uncertainty,station,q,geology_vs30,geology_stdv,tid,terrain_vs30,terrain_stdv,gid
Point (1568063.65397009998559952 5205264.81817215029150248),1568063.654,5205264.818,225.27951,0.200000003,NA,NA,265.769,0.5950514,16,218.11823,0.39540365,13
Point (1568039.90609856997616589 5204912.94484160002321005),1568039.906,5204912.945,227.85147,0.200000003,NA,NA,264.38824,0.5950514,16,218.11823,0.39540365,13
Point (1583847.38062916998751462 5265879.79889074992388487),1583847.381,5265879.799,407,0.1,CULC,1,264.23557,0.5950514,16,218.11823,0.39540365,13
Point (1527402.00285506993532181 5184413.95656780991703272),1527402.003,5184413.957,515,0.1,DFHS,1,264.778,0.5950514,16,218.11823,0.39540365,13
Point (1526436.15244782995432615 5173684.05010783020406961),1526436.152,5173684.05,457,0.1,GDLC,1,263.4692,0.5950514,16,218.11823,0.39540365,13
Point (1515969.81985209998674691 5178731.4333689296618104),1515969.82,5178731.433,531,0.1,HORC,1,264.1043,0.5950514,16,218.11823,0.39540365,13
Point (1559114.98923836997710168 5198035.17600490991026163),1559114.989,5198035.176,546,0.1,SWNC,1,262.97467,0.5950514,16,218.11823,0.39540365,13
Point (1583644.79942420008592308 5272347.66649584006518126),1583644.799,5272347.666,478,0.1,WIGC,1,264.23557,0.5950514,16,218.11823,0.39540365,13
Point (1573082.18330395990051329 5196278.56204492039978504),1573082.183,5196278.562,210.64896,0.200000003,NA,NA,260.63278,0.5950514,15,220.0589,0.4556925,10
Point (1569576.63684976007789373 5175288.98086981009691954),1569576.637,5175288.981,900,0.2,CRLZ,2,405.4836,0.5624408,7,769.95667,0.7053239,8
Point (1576539.76302158995531499 5174756.42508601956069469),1576539.763,5174756.425,348,0.1,HVSC,1,405.4836,0.5624408,6,491.11566,0.68166685,8
Point (1571374.74890764011070132 5175474.52581289038062096),1571374.749,5175474.526,233.53943,0.200000003,NA,NA,387.9002,0.68287367,5,736.6329,0.65327823,7
Point (1568008.95227042003534734 5172784.91892009042203426),1568008.952,5172784.919,166.75334,0.200000003,NA,NA,387.9002,0.68287367,9,495.74252,0.7043546,7
Point (1567984.96250237990170717 5172768.92388714011758566),1567984.963,5172768.924,169.70062,0.200000003,NA,NA,387.9002,0.68287367,6,491.11566,0.68166685,7
Point (1483084.96425151010043919 5243927.93336741998791695),1483084.964,5243927.933,300,0.2,505A,2,275,0.5950514,10,361.86108,0.53872114,7
Point (1597063.21836957009509206 5149128.05334309954196215),1597063.218,5149128.053,435,0.1,AKSS,1,387.9002,0.68287367,9,495.74252,0.7043546,7
Point (1483160.84234804008156061 5243859.30855797976255417),1483160.842,5243859.309,300,0.2,APPS,2,275,0.5950514,14,302.07278,0.53168344,7
Point (1576480.11040563997812569 5207643.26943023037165403),1576480.11,5207643.269,224.85387,0.200000003,NA,NA,211.89963,0.39401674,16,218.11823,0.39540365,6
Point (1577001.15247627999633551 5207261.89818414021283388),1577001.152,5207261.898,205.06209,0.200000003,NA,NA,217.67502,0.39401674,16,218.11823,0.39540365,6
Point (1576829.95183842000551522 5206767.58601935021579266),1576829.952,5206767.586,220.53214,0.200000003,NA,NA,217.4745,0.39401674,16,218.11823,0.39540365,6
Point (1575746.55678221001289785 5204782.3478861004114151),1575746.557,5204782.348,199.89568,0.200000003,NA,NA,210.48042,0.39401674,16,218.11823,0.39540365,6
Point (1575661.8295285499189049 5204392.99453928973525763),1575661.83,5204392.995,200.48517,0.200000003,NA,NA,216.96404,0.39401674,16,218.11823,0.39540365,6
Point (1575674.57452298002317548 5204383.99762160982936621),1575674.575,5204383.998,213.54175,0.200000003,NA,NA,216.96404,0.39401674,16,218.11823,0.39540365,6
Point (1572807.56788588990457356 5199632.31148689985275269),1572807.568,5199632.311,209.11757,0.200000003,NA,NA,204.76987,0.39401674,16,218.11823,0.39540365,6
Point (1572831.55620766989886761 5199410.39376830030232668),1572831.556,5199410.394,209.66026,0.200000003,NA,NA,209.68175,0.39401674,16,218.11823,0.39540365,6
Point (1573134.67501027998514473 5197781.49868572968989611),1573134.675,5197781.499,257.55875,0.200000003,NA,NA,210.48042,0.39401674,16,218.11823,0.39540365,6
Point (1575941.35304666007868946 5197323.64861003030091524),1575941.353,5197323.649,171.97668,0.200000003,NA,NA,218.65604,0.39401674,15,220.0589,0.4556925,6
Point (1572222.75878041004762053 5196403.0192254101857543),1572222.759,5196403.019,198.33429,0.200000003,NA,NA,199.03853,0.39401674,16,218.11823,0.39540365,6
Point (1575952.33837684011086822 5196255.05454664025455713),1575952.338,5196255.055,190.76573,0.200000003,NA,NA,222.3834,0.39401674,15,220.0589,0.4556925,6
Point (1572382.19356441008858383 5195365.90680024959146976),1572382.194,5195365.907,203.12097,0.200000003,NA,NA,205.87247,0.39401674,15,220.0589,0.4556925,6
Point (1575799.88768546003848314 5195019.02579739037901163),1575799.888,5195019.026,191.10437,0.200000003,NA,NA,239,0.39401674,16,218.11823,0.39540365,6
Point (1571678.95922466996125877 5194348.78893774002790451),1571678.959,5194348.789,208.12808,0.200000003,NA,NA,193.04825,0.39401674,15,220.0589,0.4556925,6
Point (1573109.91697211004793644 5194207.84167676977813244),1573109.917,5194207.842,202.41681,0.200000003,NA,NA,239,0.39401674,255,NA,NA,6
Point (1575213.11229906999506056 5193959.43309792969375849),1575213.112,5193959.433,202.04822,0.200000003,NA,NA,196.98706,0.39401674,16,218.11823,0.39540365,6
Point (1575798.88669960992410779 5194407.7598606301471591),1575798.887,5194407.76,191.348,0.200000003,NA,NA,205.21468,0.39401674,255,NA,NA,6
Point (1575125.89674474997445941 5193273.69584299996495247),1575125.897,5193273.696,206.28706,0.200000003,NA,NA,200.01996,0.39401674,15,220.0589,0.4556925,6
Point (1571999.59983427007682621 5192071.64682061970233917),1571999.6,5192071.647,201.30276,0.200000003,NA,NA,209.9461,0.39401674,16,218.11823,0.39540365,6
Point (1574928.97750799008645117 5191863.23685136996209621),1574928.978,5191863.237,202.56708,0.200000003,NA,NA,204.10103,0.39401674,16,218.11823,0.39540365,6
Point (1571699.47066477010957897 5191281.9434632696211338),1571699.471,5191281.943,202.18306,0.200000003,NA,NA,208.44548,0.39401674,15,220.0589,0.4556925,6
Point (1573928.87075173994526267 5190752.65882922988384962),1573928.871,5190752.659,196.89986,0.200000003,NA,NA,212.26068,0.39401674,16,218.11823,0.39540365,6
Point (1575838.3776083099655807 5191316.95003181044012308),1575838.378,5191316.95,194.12605,0.200000003,NA,NA,215.16214,0.39401674,16,218.11823,0.39540365,6
Point (1573939.86668230989016593 5190731.16712765023112297),1573939.867,5190731.167,196.2542,0.200000003,NA,NA,212.26068,0.39401674,16,218.11823,0.39540365,6
Point (1575340.8235646600369364 5190857.12566627003252506),1575340.824,5190857.126,185.89134,0.200000003,NA,NA,222.65976,0.39401674,15,220.0589,0.4556925,6
Point (1572996.01049088011495769 5188087.17245110962539911),1572996.01,5188087.172,208.86227,0.200000003,NA,NA,208.91597,0.39401674,15,220.0589,0.4556925,6
Point (1576067.32953333994373679 5186775.21955448016524315),1576067.33,5186775.22,197.7501,0.200000003,NA,NA,211.1638,0.39401674,15,220.0589,0.4556925,6
Point (1572998.03994184988550842 5186200.89812451973557472),1572998.04,5186200.898,206.71942,0.200000003,NA,NA,196.98706,0.39401674,16,218.11823,0.39540365,6
Point (1575071.97910336009226739 5186235.4167108703404665),1575071.979,5186235.417,182.8317,0.200000003,NA,NA,208.65291,0.39401674,16,218.11823,0.39540365,6
Point (1576021.8547530600335449 5186255.9223911901935935),1576021.855,5186255.922,180.39212,0.200000003,NA,NA,193.04825,0.39401674,15,220.0589,0.4556925,6
Point (1576885.51260804990306497 5186274.42802012991160154),1576885.513,5186274.428,210.05858,0.200000003,NA,NA,211.6548,0.39401674,15,220.0589,0.4556925,6
Point (1573159.9916216901037842 5185410.20630440022796392),1573159.992,5185410.206,203.47551,0.200000003,NA,NA,208.97949,0.39401674,16,218.11823,0.39540365,6
Point (1576013.12455676007084548 5185205.83458003960549831),1576013.125,5185205.835,192.99062,0.200000003,NA,NA,210.43427,0.39401674,16,218.11823,0.39540365,6
Point (1577006.98226564005017281 5185051.91236312035471201),1577006.982,5185051.912,207.14272,0.200000003,NA,NA,211.1638,0.39401674,15,220.0589,0.4556925,6
Point (1577619.73293731990270317 5185383.29109250009059906),1577619.733,5185383.291,196.05266,0.200000003,NA,NA,239,0.39401674,255,NA,NA,6
Point (1573013.06653694994747639 5184542.03954599983990192),1573013.067,5184542.04,224.1679,0.200000003,NA,NA,196.98706,0.39401674,15,220.0589,0.4556925,6
Point (1575032.53017505002208054 5184219.70446959044784307),1575032.53,5184219.704,188.69041,0.200000003,NA,NA,209.40173,0.39401674,15,220.0589,0.4556925,6
Point (1576173.57694758009165525 5184284.70033358968794346),1576173.577,5184284.7,185.18176,0.200000003,NA,NA,210.48042,0.39401674,15,220.0589,0.4556925,6
Point (1577086.96322768996469676 5184274.22165931016206741),1577086.963,5184274.222,198.97255,0.200000003,NA,NA,190.12105,0.39401674,15,220.0589,0.4556925,6
Point (1577648.48271213006228209 5184641.58581341989338398),1577648.483,5184641.586,205.02011,0.200000003,NA,NA,196.98706,0.39401674,15,220.0589,0.4556925,6
Point (1577035.5031844200566411 5183235.63262350019067526),1577035.503,5183235.633,185.68855,0.200000003,NA,NA,205.87247,0.39401674,15,220.0589,0.4556925,6
Point (1578143.06515686004422605 5182889.79281412996351719),1578143.065,5182889.793,200.6321,0.200000003,NA,NA,239,0.39401674,15,220.0589,0.4556925,6
Point (1576047.41959223011508584 5182247.50260057020932436),1576047.42,5182247.503,190.12892,0.200000003,NA,NA,202.10301,0.39401674,15,220.0589,0.4556925,6
Point (1578147.57642958988435566 5182239.5529788201674819),1578147.576,5182239.553,194.35391,0.200000003,NA,NA,201.18008,0.39401674,15,220.0589,0.4556925,6
Point (1578442.71153381001204252 5182030.14321313984692097),1578442.712,5182030.143,206.63222,0.200000003,NA,NA,239,0.39401674,255,NA,NA,6
Point (1573142.09519132995046675 5181330.79164350964128971),1573142.095,5181330.792,166.53557,0.200000003,NA,NA,202.10301,0.39401674,16,218.11823,0.39540365,6
Point (1575046.84428621991537511 5181200.89246211014688015),1575046.844,5181200.892,192.20518,0.200000003,NA,NA,204.76987,0.39401674,15,220.0589,0.4556925,6
Point (1576113.16189217008650303 5181466.31393824983388186),1576113.162,5181466.314,192.2851,0.200000003,NA,NA,204.27756,0.39401674,15,220.0589,0.4556925,6
Point (1578765.10694687999784946 5180836.13065113965421915),1578765.107,5180836.131,199.13791,0.200000003,NA,NA,239,0.39401674,15,220.0589,0.4556925,6
Point (1575376.74080206011421978 5180163.31191265024244785),1575376.741,5180163.312,183.86073,0.200000003,NA,NA,199.55595,0.39401674,15,220.0589,0.4556925,6
Point (1575958.51295241992920637 5179973.90323880035430193),1575958.513,5179973.903,184.41458,0.200000003,NA,NA,205.4891,0.39401674,15,220.0589,0.4556925,6
Point (1578308.29668247001245618 5180655.19257824961096048),1578308.297,5180655.193,202.84523,0.200000003,NA,NA,239,0.39401674,16,218.11823,0.39540365,6
Point (1578886.08045108988881111 5179880.0197172500193119),1578886.08,5179880.02,180.0788,0.200000003,NA,NA,215.79422,0.39401674,15,220.0589,0.4556925,6
Point (1573030.95171294989995658 5179256.10103775002062321),1573030.952,5179256.101,173.71118,0.200000003,NA,NA,183,0.39401674,15,220.0589,0.4556925,6
Point (1575916.54899397003464401 5179300.67038462031632662),1575916.549,5179300.67,178.21489,0.200000003,NA,NA,200.01996,0.39401674,16,218.11823,0.39540365,6
Point (1579113.2534491999540478 5179254.27908239979296923),1579113.253,5179254.279,197.86664,0.200000003,NA,NA,239,0.39401674,255,NA,NA,6
Point (1579343.42882523010484874 5178507.5887320302426815),1579343.429,5178507.589,196.91728,0.200000003,NA,NA,239,0.39401674,255,NA,NA,6
Point (1578566.03092006989754736 5177344.53913981001824141),1578566.031,5177344.539,184.4749,0.200000003,NA,NA,239,0.39401674,11,691.41766,0.7239429,6
Point (1578854.16487971995957196 5177271.57775610033422709),1578854.165,5177271.578,174.67438,0.200000003,NA,NA,239,0.39401674,255,NA,NA,6
Point (1579021.11092043993994594 5176789.27970251999795437),1579021.111,5176789.28,174.46432,0.200000003,NA,NA,239,0.39401674,255,NA,NA,6
Point (1577786.16740737995132804 5180826.6537697296589613),1577786.167,5180826.654,189.75,0.2,S New Brighton Bridge,2,239,0.39401674,255,NA,NA,6
Point (1572389.74632679997012019 5196595.9278789795935154),1572389.746,5196595.928,205,0.2,SW KAN 05,2,202.6284,0.39401674,16,218.11823,0.39540365,6
Point (1572205.85078831994906068 5196831.57152056042104959),1572205.851,5196831.572,197,0.2,SW KAN 26,2,202.10301,0.39401674,15,220.0589,0.4556925,6
Point (1576478.58008841006085277 5184500.83672546036541462),1576478.58,5184500.837,202,0.2,QEII Park,2,205.4891,0.39401674,16,218.11823,0.39540365,6
Point (1578520.07342995004728436 5179986.37976790033280849),1578520.073,5179986.38,184,0.2,South New Brighton Park,2,239,0.39401674,16,218.11823,0.39540365,6
Point (1403813.5278821000829339 4913379.29385985992848873),1403813.528,4913379.294,500,0.2,DUNS,2,1068.298,0.6903283,7,769.95667,0.7053239,6
Point (1578283.92967982008121908 5182861.84160154033452272),1578283.93,5182861.842,189,0.1,NBLC,1,239,0.39401674,255,NA,NA,6
Point (1577200.36122654005885124 5184127.95976511016488075),1577200.361,5184127.96,204,0.1,NNBS,1,202.10301,0.39401674,15,220.0589,0.4556925,6
Point (1573315.2514270399697125 5206270.35147679969668388),1573315.251,5206270.351,164.72166,0.200000003,NA,NA,196.45905,0.28294012,16,218.11823,0.39540365,4
Point (1573808.06134809996001422 5206002.93866305984556675),1573808.061,5206002.939,151.65314,0.200000003,NA,NA,196.45905,0.28294012,15,220.0589,0.4556925,4
Point (1570917.60632843989878893 5204945.38420422002673149),1570917.606,5204945.384,185.5686,0.200000003,NA,NA,196.45905,0.28294012,16,218.11823,0.39540365,4
Point (1574075.70638378988951445 5205783.01372625026851892),1574075.706,5205783.014,160.4534,0.200000003,NA,NA,196.45905,0.28294012,16,218.11823,0.39540365,4
Point (1569631.06817740993574262 5204438.0905237402766943),1569631.068,5204438.091,200.34004,0.200000003,NA,NA,196.45905,0.28294012,16,218.11823,0.39540365,4
Point (1572931.09190099011175334 5203959.70859566982835531),1572931.092,5203959.709,151.51978,0.200000003,NA,NA,196.45905,0.28294012,16,218.11823,0.39540365,4
Point (1573064.51617868989706039 5202589.71179409977048635),1573064.516,5202589.712,180.70317,0.200000003,NA,NA,196.45905,0.28294012,15,220.0589,0.4556925,4
Point (1573065.26568533992394805 5202577.71621645987033844),1573065.266,5202577.716,170.5126,0.200000003,NA,NA,196.45905,0.28294012,15,220.0589,0.4556925,4
Point (1574198.08035334991291165 5201955.92897978983819485),1574198.08,5201955.929,184.84479,0.200000003,NA,NA,196.45905,0.28294012,16,218.11823,0.39540365,4
Point (1574489.73267583991400898 5202607.181845230050385),1574489.733,5202607.182,217.80423,0.200000003,NA,NA,196.45905,0.28294012,16,218.11823,0.39540365,4
Point (1573821.44224389991723001 5200062.13996890000998974),1573821.442,5200062.14,214.86989,0.200000003,NA,NA,196.45905,0.28294012,16,218.11823,0.39540365,4
Point (1575568.50315951998345554 5197986.40043208003044128),1575568.503,5197986.4,196.16525,0.200000003,NA,NA,196.45905,0.28294012,15,220.0589,0.4556925,4
Point (1575589.49510988988913596 5197983.40135615970939398),1575589.495,5197983.401,194.31044,0.200000003,NA,NA,196.45905,0.28294012,15,220.0589,0.4556925,4
Point (1570248.0044868600089103 5197391.1604825695976615),1570248.004,5197391.16,259.79944,0.200000003,NA,NA,196.45905,0.28294012,16,218.11823,0.39540365,4
Point (1571033.70784697006456554 5196821.86801258008927107),1571033.708,5196821.868,205.715,0.200000003,NA,NA,196.45905,0.28294012,15,220.0589,0.4556925,4
Point (1571930.37209388008341193 5196932.32305822987109423),1571930.372,5196932.323,208.89049,0.200000003,NA,NA,196.45905,0.28294012,15,220.0589,0.4556925,4
Point (1572871.01874898001551628 5197086.26051739975810051),1572871.019,5197086.261,223.61743,0.200000003,NA,NA,196.45905,0.28294012,15,220.0589,0.4556925,4
Point (1573521.2711480800062418 5196876.33527174033224583),1573521.271,5196876.335,237.6489,0.200000003,NA,NA,196.45905,0.28294012,16,218.11823,0.39540365,4
Point (1570087.56033653998747468 5196623.9443693496286869),1570087.56,5196623.944,210.73853,0.200000003,NA,NA,196.45905,0.28294012,16,218.11823,0.39540365,4
Point (1571259.86949508008547127 5196098.13619436975568533),1571259.869,5196098.136,206.80559,0.200000003,NA,NA,196.45905,0.28294012,15,220.0589,0.4556925,4
Point (1573543.50824302993714809 5196255.06862855982035398),1573543.508,5196255.069,206.35316,0.200000003,NA,NA,196.45905,0.28294012,16,218.11823,0.39540365,4
Point (1571041.94896278996020555 5195445.37958975043147802),1571041.949,5195445.38,181.46552,0.200000003,NA,NA,196.45905,0.28294012,15,220.0589,0.4556925,4
Point (1572561.87564685009419918 5195382.40017096046358347),1572561.876,5195382.4,201.25429,0.200000003,NA,NA,196.45905,0.28294012,16,218.11823,0.39540365,4
Point (1575164.38116768002510071 5194760.6269481498748064),1575164.381,5194760.627,187.72246,0.200000003,NA,NA,196.45905,0.28294012,16,218.11823,0.39540365,4
Point (1571186.89483650005422533 5194362.28365004993975163),1571186.895,5194362.284,175.90121,0.200000003,NA,NA,196.45905,0.28294012,16,218.11823,0.39540365,4
Point (1568031.08461573999375105 5193092.74403889011591673),1568031.085,5193092.744,207.06543,0.200000003,NA,NA,196.45905,0.28294012,16,218.11823,0.39540365,4
Point (1571417.0623023200314492 5193411.14033402036875486),1571417.062,5193411.14,173.32773,0.200000003,NA,NA,196.45905,0.28294012,15,220.0589,0.4556925,4
Point (1571499.28101946995593607 5193445.62758652959018946),1571499.281,5193445.628,169.8508,0.200000003,NA,NA,196.45905,0.28294012,15,220.0589,0.4556925,4
Point (1571385.09465850004926324 5190844.10654057003557682),1571385.095,5190844.107,175.74136,0.200000003,NA,NA,196.45905,0.28294012,16,218.11823,0.39540365,4
Point (1575132.65160171990282834 5191308.95065923035144806),1575132.652,5191308.951,192.2823,0.200000003,NA,NA,196.45905,0.28294012,16,218.11823,0.39540365,4
Point (1570375.9914633200969547 5189748.0100993700325489),1570375.991,5189748.01,165.94211,0.200000003,NA,NA,196.45905,0.28294012,15,220.0589,0.4556925,4
Point (1571326.12044789991341531 5190533.22347003035247326),1571326.12,5190533.223,180.81415,0.200000003,NA,NA,196.45905,0.28294012,16,218.11823,0.39540365,4
Point (1571444.07532417005859315 5190550.21806604973971844),1571444.075,5190550.218,182.28604,0.200000003,NA,NA,196.45905,0.28294012,16,218.11823,0.39540365,4
Point (1572971.74487709999084473 5190141.38601076975464821),1572971.745,5190141.386,194.40909,0.200000003,NA,NA,196.45905,0.28294012,16,218.11823,0.39540365,4
Point (1568555.44028587988577783 5189079.23734077997505665),1568555.44,5189079.237,171.52542,0.200000003,NA,NA,196.45905,0.28294012,16,218.11823,0.39540365,4
Point (1569010.2655524299480021 5189275.17052507027983665),1569010.266,5189275.171,166.34781,0.200000003,NA,NA,196.45905,0.28294012,16,218.11823,0.39540365,4
Point (1570292.53131834999658167 5189173.22559573967009783),1570292.531,5189173.226,137.34744,0.200000003,NA,NA,196.45905,0.28294012,15,220.0589,0.4556925,4
Point (1570974.26774460007436574 5189457.62642552983015776),1570974.268,5189457.626,193.96523,0.200000003,NA,NA,196.45905,0.28294012,16,218.11823,0.39540365,4
Point (1571674.50639909994788468 5188997.8087803004309535),1571674.506,5188997.809,176.41928,0.200000003,NA,NA,196.45905,0.28294012,16,218.11823,0.39540365,4
Point (1573028.47769218008033931 5189701.55449104029685259),1573028.478,5189701.554,211.08961,0.200000003,NA,NA,196.45905,0.28294012,15,220.0589,0.4556925,4
Point (1568397.27104734000749886 5187903.67390393000096083),1568397.271,5187903.674,196.15175,0.200000003,NA,NA,196.45905,0.28294012,16,218.11823,0.39540365,4
Point (1569240.69478445989079773 5188294.54126711003482342),1569240.695,5188294.541,180.34431,0.200000003,NA,NA,196.45905,0.28294012,16,218.11823,0.39540365,4
Point (1569440.62105326005257666 5188176.08887275960296392),1569440.621,5188176.089,169.80043,0.200000003,NA,NA,196.45905,0.28294012,16,218.11823,0.39540365,4
Point (1571136.96717444993555546 5188646.93533928971737623),1571136.967,5188646.935,169.24567,0.200000003,NA,NA,196.45905,0.28294012,15,220.0589,0.4556925,4
Point (1571955.1579766299109906 5188346.56010327022522688),1571955.158,5188346.56,224.0926,0.200000003,NA,NA,196.45905,0.28294012,16,218.11823,0.39540365,4
Point (1568529.24272052990272641 5186835.57632976025342941),1568529.243,5186835.576,188.72357,0.200000003,NA,NA,196.45905,0.28294012,15,220.0589,0.4556925,4
Point (1568933.33754392992705107 5186925.55026744958013296),1568933.338,5186925.55,180.70593,0.200000003,NA,NA,196.45905,0.28294012,16,218.11823,0.39540365,4
Point (1570437.00377165991812944 5187492.86249702982604504),1570437.004,5187492.862,164.42683,0.200000003,NA,NA,196.45905,0.28294012,16,218.11823,0.39540365,4
Point (1571122.74469133000820875 5187294.94863114971667528),1571122.745,5187294.949,153.5902,0.200000003,NA,NA,196.45905,0.28294012,16,218.11823,0.39540365,4
Point (1571986.15906048007309437 5187509.38006880972534418),1571986.159,5187509.38,212.03627,0.200000003,NA,NA,196.45905,0.28294012,16,218.11823,0.39540365,4
Point (1566217.38545127003453672 5185871.89315745979547501),1566217.385,5185871.893,193.12628,0.200000003,NA,NA,196.45905,0.28294012,16,218.11823,0.39540365,4
Point (1566699.95508426008746028 5185855.90802791994065046),1566699.955,5185855.908,180.80817,0.200000003,NA,NA,196.45905,0.28294012,15,220.0589,0.4556925,4
Point (1568246.11607281002216041 5186110.84247574955224991),1568246.116,5186110.842,196.24046,0.200000003,NA,NA,196.45905,0.28294012,16,218.11823,0.39540365,4
Point (1568876.87400176003575325 5186224.31299275998026133),1568876.874,5186224.313,167.61502,0.200000003,NA,NA,196.45905,0.28294012,15,220.0589,0.4556925,4
Point (1570057.91945769009180367 5186415.76391332969069481),1570057.919,5186415.764,200.342,0.200000003,NA,NA,196.45905,0.28294012,16,218.11823,0.39540365,4
Point (1565528.15554782003164291 5185394.056330899707973),1565528.156,5185394.056,199.78098,0.200000003,NA,NA,196.45905,0.28294012,16,218.11823,0.39540365,4
Point (1566147.17555442010052502 5185342.0881583197042346),1566147.176,5185342.088,209.0795,0.200000003,NA,NA,196.45905,0.28294012,16,218.11823,0.39540365,4
Point (1566967.36698080995120108 5185370.59373763017356396),1566967.367,5185370.594,185.62395,0.200000003,NA,NA,196.45905,0.28294012,15,220.0589,0.4556925,4
Point (1568315.84736533998511732 5185778.46877340972423553),1568315.847,5185778.469,174.33195,0.200000003,NA,NA,196.45905,0.28294012,15,220.0589,0.4556925,4
Point (1569333.73008489003404975 5184918.31611206009984016),1569333.73,5184918.316,160.8721,0.200000003,NA,NA,196.45905,0.28294012,15,220.0589,0.4556925,4
Point (1570052.94228357006795704 5185444.13246973976492882),1570052.942,5185444.132,174.48625,0.200000003,NA,NA,196.45905,0.28294012,15,220.0589,0.4556925,4
Point (1566939.15755335008725524 5184260.00778285041451454),1566939.158,5184260.008,176.61682,0.200000003,NA,NA,196.45905,0.28294012,16,218.11823,0.39540365,4
Point (1567996.25883745006285608 5184203.05361379031091928),1567996.259,5184203.054,163.80719,0.200000003,NA,NA,196.45905,0.28294012,16,218.11823,0.39540365,4
Point (1570180.42987526999786496 5183919.71582871023565531),1570180.43,5183919.716,184.84416,0.200000003,NA,NA,196.45905,0.28294012,15,220.0589,0.4556925,4
Point (1571049.09768874989822507 5183785.28818577993661165),1571049.098,5183785.288,175.94011,0.200000003,NA,NA,196.45905,0.28294012,15,220.0589,0.4556925,4
Point (1572402.81122033996507525 5184236.1451959703117609),1572402.811,5184236.145,212.24277,0.200000003,NA,NA,196.45905,0.28294012,15,220.0589,0.4556925,4
Point (1573882.49041897989809513 5183868.81897084042429924),1573882.49,5183868.819,186.20279,0.200000003,NA,NA,196.45905,0.28294012,15,220.0589,0.4556925,4
Point (1563017.65410489006899297 5183242.78463947959244251),1563017.654,5183242.785,205.54071,0.200000003,NA,NA,196.45905,0.28294012,16,218.11823,0.39540365,4
Point (1567063.90543110994622111 5182738.5810944102704525),1567063.905,5182738.581,217.57079,0.200000003,NA,NA,196.45905,0.28294012,16,218.11823,0.39540365,4
Point (1568056.76552197011187673 5183149.95236331038177013),1568056.766,5183149.952,189.98212,0.200000003,NA,NA,196.45905,0.28294012,16,218.11823,0.39540365,4
Point (1569038.38602831005118787 5183284.42842322029173374),1569038.386,5183284.428,175.0102,0.200000003,NA,NA,196.45905,0.28294012,16,218.11823,0.39540365,4
Point (1569931.29208196001127362 5183305.94381154980510473),1569931.292,5183305.944,175.46123,0.200000003,NA,NA,196.45905,0.28294012,15,220.0589,0.4556925,4
Point (1571127.07969992002472281 5183305.974115040153265),1571127.08,5183305.974,181.4351,0.200000003,NA,NA,196.45905,0.28294012,15,220.0589,0.4556925,4
Point (1572011.23715034010820091 5183257.51432633958756924),1572011.237,5183257.514,179.6756,0.200000003,NA,NA,196.45905,0.28294012,16,218.11823,0.39540365,4
Point (1572950.11203998001292348 5183603.90194586012512445),1572950.112,5183603.902,198.22249,0.200000003,NA,NA,196.45905,0.28294012,16,218.11823,0.39540365,4
Point (1573932.98431909992359579 5183259.55770642030984163),1573932.984,5183259.558,179.88855,0.200000003,NA,NA,196.45905,0.28294012,15,220.0589,0.4556925,4
Point (1575099.27443084004335105 5183231.59363783989101648),1575099.274,5183231.594,168.28813,0.200000003,NA,NA,196.45905,0.28294012,15,220.0589,0.4556925,4
Point (1576051.39462510007433593 5183311.58192200027406216),1576051.395,5183311.582,197.12643,0.200000003,NA,NA,196.45905,0.28294012,15,220.0589,0.4556925,4
Point (1563146.88156838994473219 5182508.05733023025095463),1563146.882,5182508.057,225.3846,0.200000003,NA,NA,196.45905,0.28294012,16,218.11823,0.39540365,4
Point (1565315.08623704011552036 5182099.77210125979036093),1565315.086,5182099.772,196.90247,0.200000003,NA,NA,196.45905,0.28294012,16,218.11823,0.39540365,4
Point (1566241.98329215007834136 5182210.75702058989554644),1566241.983,5182210.757,194.0663,0.200000003,NA,NA,196.45905,0.28294012,16,218.11823,0.39540365,4
Point (1566951.709190420107916 5182382.21208550967276096),1566951.709,5182382.212,234.88411,0.200000003,NA,NA,196.45905,0.28294012,15,220.0589,0.4556925,4
Point (1568237.22940274002030492 5182066.3677011001855135),1568237.229,5182066.368,209.39555,0.200000003,NA,NA,196.45905,0.28294012,15,220.0589,0.4556925,4
Point (1569000.43162593990564346 5182222.33118585962802172),1569000.432,5182222.331,175.15967,0.200000003,NA,NA,196.45905,0.28294012,16,218.11823,0.39540365,4
Point (1570017.2964733699336648 5181985.95096477959305048),1570017.296,5181985.951,181.90968,0.200000003,NA,NA,196.45905,0.28294012,15,220.0589,0.4556925,4
Point (1572072.23924229992553592 5182267.89866530988365412),1572072.239,5182267.899,193.92052,0.200000003,NA,NA,196.45905,0.28294012,16,218.11823,0.39540365,4
Point (1573052.35524233989417553 5182263.92526292987167835),1573052.355,5182263.925,194.36453,0.200000003,NA,NA,196.45905,0.28294012,16,218.11823,0.39540365,4
Point (1574117.93737054988741875 5182185.98192252032458782),1574117.937,5182185.982,174.83815,0.200000003,NA,NA,196.45905,0.28294012,15,220.0589,0.4556925,4
Point (1575020.82887153001502156 5182222.48889074008911848),1575020.829,5182222.489,186.09575,0.200000003,NA,NA,196.45905,0.28294012,15,220.0589,0.4556925,4
Point (1566237.77049016999080777 5181166.64825746044516563),1566237.77,5181166.648,205.02385,0.200000003,NA,NA,196.45905,0.28294012,16,218.11823,0.39540365,4
Point (1567040.96807548007927835 5181096.69874915014952421),1567040.968,5181096.699,209.74026,0.200000003,NA,NA,196.45905,0.28294012,15,220.0589,0.4556925,4
Point (1568019.08926706993952394 5181255.168568080291152),1568019.089,5181255.169,201.10071,0.200000003,NA,NA,196.45905,0.28294012,16,218.11823,0.39540365,4
Point (1569094.92673730989918113 5181216.71750004030764103),1569094.927,5181216.718,212.45985,0.200000003,NA,NA,196.45905,0.28294012,15,220.0589,0.4556925,4
Point (1570023.31896059005521238 5181176.26174173969775438),1570023.319,5181176.262,178.22583,0.200000003,NA,NA,196.45905,0.28294012,16,218.11823,0.39540365,4
Point (1572099.00470181996934116 5181344.75748827960342169),1572099.005,5181344.757,184.15288,0.200000003,NA,NA,196.45905,0.28294012,15,220.0589,0.4556925,4
Point (1574013.50155620998702943 5181311.32241750042885542),1574013.502,5181311.322,193.4582,0.200000003,NA,NA,196.45905,0.28294012,15,220.0589,0.4556925,4
Point (1577963.42328221001662314 5181214.95939829014241695),1577963.423,5181214.959,177.975,0.200000003,NA,NA,NA,NA,255,NA,NA,4
Point (1565352.64429298997856677 5180105.01768912002444267),1565352.644,5180105.018,167.33095,0.200000003,NA,NA,196.45905,0.28294012,16,218.11823,0.39540365,4
Point (1566417.97245589992962778 5180598.86722698993980885),1566417.972,5180598.867,177.344,0.200000003,NA,NA,196.45905,0.28294012,16,218.11823,0.39540365,4
Point (1567358.87995901005342603 5180163.06162539031356573),1567358.88,5180163.062,183.57124,0.200000003,NA,NA,196.45905,0.28294012,15,220.0589,0.4556925,4
Point (1567979.38800363009795547 5180280.53752284031361341),1567979.388,5180280.538,161.97495,0.200000003,NA,NA,196.45905,0.28294012,16,218.11823,0.39540365,4
Point (1569274.87741641001775861 5180602.95797326974570751),1569274.877,5180602.958,194.67313,0.200000003,NA,NA,196.45905,0.28294012,15,220.0589,0.4556925,4
Point (1570145.55421952996402979 5180168.6532013202086091),1570145.554,5180168.653,169.15259,0.200000003,NA,NA,196.45905,0.28294012,16,218.11823,0.39540365,4
Point (1571020.71210852009244263 5180194.67131508979946375),1571020.712,5180194.671,182.5936,0.200000003,NA,NA,196.45905,0.28294012,15,220.0589,0.4556925,4
Point (1571824.39084410993382335 5180400.61636602040380239),1571824.391,5180400.616,202.78473,0.200000003,NA,NA,196.45905,0.28294012,15,220.0589,0.4556925,4
Point (1573253.84254079009406269 5179918.84773101005703211),1573253.843,5179918.848,180.94688,0.200000003,NA,NA,196.45905,0.28294012,15,220.0589,0.4556925,4
Point (1573943.0593465999700129 5180253.23645741026848555),1573943.059,5180253.236,184.28987,0.200000003,NA,NA,196.45905,0.28294012,15,220.0589,0.4556925,4
Point (1559817.51909814006648958 5178618.35290095955133438),1559817.519,5178618.353,245.63452,0.200000003,NA,NA,196.45905,0.28294012,15,220.0589,0.4556925,4
Point (1563186.24732932006008923 5179146.29620322026312351),1563186.247,5179146.296,216.77225,0.200000003,NA,NA,196.45905,0.28294012,16,218.11823,0.39540365,4
Point (1563593.09743015002459288 5179088.33318659011274576),1563593.097,5179088.333,204.01785,0.200000003,NA,NA,196.45905,0.28294012,16,218.11823,0.39540365,4
Point (1566353.29469972010701895 5179332.34238241985440254),1566353.295,5179332.342,202.59218,0.200000003,NA,NA,196.45905,0.28294012,15,220.0589,0.4556925,4
Point (1567197.47912206989713013 5179161.93606141023337841),1567197.479,5179161.936,181.45425,0.200000003,NA,NA,196.45905,0.28294012,16,218.11823,0.39540365,4
Point (1568587.94140115007758141 5179231.4594075595960021),1568587.941,5179231.459,173.18083,0.200000003,NA,NA,196.45905,0.28294012,16,218.11823,0.39540365,4
Point (1569140.98223749990575016 5179094.53194450028240681),1569140.982,5179094.532,157.58362,0.200000003,NA,NA,196.45905,0.28294012,15,220.0589,0.4556925,4
Point (1570047.62317429995164275 5179274.49475468043237925),1570047.623,5179274.495,183.03934,0.200000003,NA,NA,196.45905,0.28294012,16,218.11823,0.39540365,4
Point (1571124.45081673003733158 5179317.01506674010306597),1571124.451,5179317.015,174.77376,0.200000003,NA,NA,196.45905,0.28294012,15,220.0589,0.4556925,4
Point (1572074.57932477002032101 5179261.06831855978816748),1572074.579,5179261.068,153.29865,0.200000003,NA,NA,196.45905,0.28294012,15,220.0589,0.4556925,4
Point (1573958.33562667993828654 5179190.65578979998826981),1573958.336,5179190.656,191.93857,0.200000003,NA,NA,196.45905,0.28294012,15,220.0589,0.4556925,4
Point (1574862.21997085004113615 5179357.11717848014086485),1574862.22,5179357.117,190.59962,0.200000003,NA,NA,196.45905,0.28294012,15,220.0589,0.4556925,4
Point (1559777.28594327997416258 5178573.86727267038077116),1559777.286,5178573.867,244.03906,0.200000003,NA,NA,196.45905,0.28294012,15,220.0589,0.4556925,4
Point (1563830.02824508002959192 5178624.01472353003919125),1563830.028,5178624.015,182.00475,0.200000003,NA,NA,196.45905,0.28294012,15,220.0589,0.4556925,4
Point (1565454.94830914004705846 5177826.37689478043466806),1565454.948,5177826.377,224.42552,0.200000003,NA,NA,196.45905,0.28294012,15,220.0589,0.4556925,4
Point (1566126.42951308004558086 5178135.2862838301807642),1566126.43,5178135.286,183.78494,0.200000003,NA,NA,196.45905,0.28294012,15,220.0589,0.4556925,4
Point (1566998.8480515000410378 5178085.33799930009990931),1566998.848,5178085.338,160.11989,0.200000003,NA,NA,196.45905,0.28294012,15,220.0589,0.4556925,4
Point (1567969.73609931999817491 5177800.98337003961205482),1567969.736,5177800.983,177.48816,0.200000003,NA,NA,196.45905,0.28294012,16,218.11823,0.39540365,4
Point (1569000.57535645994357765 5178076.91802382003515959),1569000.575,5178076.918,150.79477,0.200000003,NA,NA,196.45905,0.28294012,15,220.0589,0.4556925,4
Point (1570089.89688430004753172 5178175.92103462014347315),1570089.897,5178175.921,172.86806,0.200000003,NA,NA,196.45905,0.28294012,16,218.11823,0.39540365,4
Point (1571130.73731145006604493 5178216.94318537041544914),1571130.737,5178216.943,165.74644,0.200000003,NA,NA,196.45905,0.28294012,16,218.11823,0.39540365,4
Point (1572089.10870031011290848 5178241.96739976014941931),1572089.109,5178241.967,170.23106,0.200000003,NA,NA,196.45905,0.28294012,15,220.0589,0.4556925,4
Point (1573142.19131131004542112 5178246.00200316961854696),1573142.191,5178246.002,194.69577,0.200000003,NA,NA,196.45905,0.28294012,15,220.0589,0.4556925,4
Point (1574007.5952011700719595 5178290.51322332955896854),1574007.595,5178290.513,196.95844,0.200000003,NA,NA,196.45905,0.28294012,15,220.0589,0.4556925,4
Point (1575037.68995097000151873 5178076.63157847989350557),1575037.69,5178076.632,177.54152,0.200000003,NA,NA,196.45905,0.28294012,16,218.11823,0.39540365,4
Point (1563475.98528029001317918 5176980.61182287987321615),1563475.985,5176980.612,183.82162,0.200000003,NA,NA,196.45905,0.28294012,16,218.11823,0.39540365,4
Point (1564067.00501191988587379 5177138.07842466980218887),1564067.005,5177138.078,178.52142,0.200000003,NA,NA,196.45905,0.28294012,16,218.11823,0.39540365,4
Point (1565031.61886323010548949 5177602.44427875988185406),1565031.619,5177602.444,200.41577,0.200000003,NA,NA,196.45905,0.28294012,16,218.11823,0.39540365,4
Point (1566285.65827671997249126 5177209.14321922045201063),1566285.658,5177209.143,185.90192,0.200000003,NA,NA,196.45905,0.28294012,15,220.0589,0.4556925,4
Point (1567074.35268522007390857 5177283.14630393963307142),1567074.353,5177283.146,179.78906,0.200000003,NA,NA,196.45905,0.28294012,16,218.11823,0.39540365,4
Point (1568173.18210671003907919 5177199.72218851000070572),1568173.182,5177199.722,177.33463,0.200000003,NA,NA,196.45905,0.28294012,16,218.11823,0.39540365,4
Point (1569030.60158450994640589 5177130.78388640005141497),1569030.602,5177130.784,170.28088,0.200000003,NA,NA,196.45905,0.28294012,15,220.0589,0.4556925,4
Point (1570182.14724498009309173 5177233.29017324000597),1570182.147,5177233.29,192.90164,0.200000003,NA,NA,196.45905,0.28294012,15,220.0589,0.4556925,4
Point (1570980.57937191007658839 5177339.27978619001805782),1570980.579,5177339.28,164.5333,0.200000003,NA,NA,196.45905,0.28294012,15,220.0589,0.4556925,4
Point (1571963.44483217992819846 5177247.35282440017908812),1571963.445,5177247.353,181.6769,0.200000003,NA,NA,196.45905,0.28294012,16,218.11823,0.39540365,4
Point (1573029.01866314001381397 5177332.3583898302167654),1573029.019,5177332.358,173.75996,0.200000003,NA,NA,196.45905,0.28294012,16,218.11823,0.39540365,4
Point (1573963.89956091996282339 5177220.93575194012373686),1573963.9,5177220.936,196.77559,0.200000003,NA,NA,196.45905,0.28294012,15,220.0589,0.4556925,4
Point (1562915.00009500002488494 5175873.49881192017346621),1562915,5175873.499,181.53586,0.200000003,NA,NA,196.45905,0.28294012,16,218.11823,0.39540365,4
Point (1564120.0252483100630343 5176278.90238656010478735),1564120.025,5176278.902,184.4472,0.200000003,NA,NA,196.45905,0.28294012,16,218.11823,0.39540365,4
Point (1564533.11080853990279138 5176443.85871183034032583),1564533.111,5176443.859,181.45413,0.200000003,NA,NA,196.45905,0.28294012,16,218.11823,0.39540365,4
Point (1566043.06839250004850328 5175729.19510599039494991),1566043.068,5175729.195,189.27417,0.200000003,NA,NA,196.45905,0.28294012,16,218.11823,0.39540365,4
Point (1566804.50783037999644876 5176118.57960195001214743),1566804.508,5176118.58,162.03189,0.200000003,NA,NA,196.45905,0.28294012,16,218.11823,0.39540365,4
Point (1567989.54296054993756115 5176277.06886809039860964),1567989.543,5176277.069,155.14278,0.200000003,NA,NA,196.45905,0.28294012,15,220.0589,0.4556925,4
Point (1569476.71697771991603076 5176182.16948040015995502),1569476.717,5176182.169,174.45598,0.200000003,NA,NA,196.45905,0.28294012,15,220.0589,0.4556925,4
Point (1570103.96578456996940076 5176303.14872863981872797),1570103.966,5176303.149,240.81691,0.200000003,NA,NA,196.45905,0.28294012,13,255.27419,0.65902555,4
Point (1571027.35972600989043713 5176115.26006234996020794),1571027.36,5176115.26,156.58267,0.200000003,NA,NA,196.45905,0.28294012,14,302.07278,0.53168344,4
Point (1571626.35380923002958298 5176586.59925287030637264),1571626.354,5176586.599,198.42905,0.200000003,NA,NA,196.45905,0.28294012,10,361.86108,0.53872114,4
Point (1572805.38319346006028354 5176648.62015036959201097),1572805.383,5176648.62,164.72057,0.200000003,NA,NA,196.45905,0.28294012,6,491.11566,0.68166685,4
Point (1561322.66049711010418832 5174664.86883691046386957),1561322.66,5174664.869,232.82343,0.200000003,NA,NA,196.45905,0.28294012,16,218.11823,0.39540365,4
Point (1562703.85190773010253906 5175431.15342860016971827),1562703.852,5175431.153,193.78465,0.200000003,NA,NA,196.45905,0.28294012,16,218.11823,0.39540365,4
Point (1563093.46896222000941634 5175158.77375117968767881),1563093.469,5175158.774,201.62637,0.200000003,NA,NA,196.45905,0.28294012,16,218.11823,0.39540365,4
Point (1563926.15968755003996193 5175042.35742583032697439),1563926.16,5175042.357,190.59781,0.200000003,NA,NA,196.45905,0.28294012,16,218.11823,0.39540365,4
Point (1564889.77821923000738025 5175339.79069093987345695),1564889.778,5175339.791,177.89551,0.200000003,NA,NA,196.45905,0.28294012,16,218.11823,0.39540365,4
Point (1566088.07145545003004372 5175301.85972170997411013),1566088.071,5175301.86,169.16005,0.200000003,NA,NA,196.45905,0.28294012,16,218.11823,0.39540365,4
Point (1567655.97353713004849851 5175152.98637846019119024),1567655.974,5175152.986,221.14156,0.200000003,NA,NA,196.45905,0.28294012,15,220.0589,0.4556925,4
Point (1569073.65801224997267127 5175422.94649648014456034),1569073.658,5175422.946,153.90182,0.200000003,NA,NA,196.45905,0.28294012,9,495.74252,0.7043546,4
Point (1560931.33113453001715243 5174220.51242838986217976),1560931.331,5174220.512,258.795,0.200000003,NA,NA,196.45905,0.28294012,16,218.11823,0.39540365,4
Point (1562542.71260952996090055 5174473.5020873099565506),1562542.713,5174473.502,201.10997,0.200000003,NA,NA,196.45905,0.28294012,15,220.0589,0.4556925,4
Point (1563271.6829903400503099 5174553.50880828034132719),1563271.683,5174553.509,180.46858,0.200000003,NA,NA,196.45905,0.28294012,16,218.11823,0.39540365,4
Point (1563800.01392155000939965 5173959.75825296994298697),1563800.014,5173959.758,188.00557,0.200000003,NA,NA,196.45905,0.28294012,16,218.11823,0.39540365,4
Point (1565276.18351504998281598 5174281.70973632019013166),1565276.184,5174281.71,199.88303,0.200000003,NA,NA,196.45905,0.28294012,16,218.11823,0.39540365,4
Point (1565945.16136304009705782 5174586.12583076022565365),1565945.161,5174586.126,175.35133,0.200000003,NA,NA,196.45905,0.28294012,15,220.0589,0.4556925,4
Point (1557552.64152412000112236 5173199.19648895040154457),1557552.642,5173199.196,245.09045,0.200000003,NA,NA,196.45905,0.28294012,16,218.11823,0.39540365,4
Point (1563202.53130100993439555 5173218.50588892959058285),1563202.531,5173218.506,185.40617,0.200000003,NA,NA,196.45905,0.28294012,16,218.11823,0.39540365,4
Point (1563929.7594310101121664 5173130.0777217298746109),1563929.759,5173130.078,192.32985,0.200000003,NA,NA,196.45905,0.28294012,15,220.0589,0.4556925,4
Point (1565161.03261517989449203 5173232.10304845031350851),1565161.033,5173232.103,172.48814,0.200000003,NA,NA,196.45905,0.28294012,13,255.27419,0.65902555,4
Point (1564566.58939344994723797 5171813.61162921972572803),1564566.589,5171813.612,209.08069,0.200000003,NA,NA,196.45905,0.28294012,16,218.11823,0.39540365,4
Point (1564598.57904472993686795 5171779.62635368015617132),1564598.579,5171779.626,193.36916,0.200000003,NA,NA,196.45905,0.28294012,16,218.11823,0.39540365,4
Point (1564399.3359818400349468 5168806.75178968999534845),1564399.336,5168806.752,195.49962,0.200000003,NA,NA,196.45905,0.28294012,15,220.0589,0.4556925,4
Point (1559772.92860606010071933 5167676.87144863978028297),1559772.929,5167676.871,193.259,0.200000003,NA,NA,196.45905,0.28294012,15,220.0589,0.4556925,4
Point (1564229.45317740994505584 5168015.54481977038085461),1564229.453,5168015.545,187.71959,0.200000003,NA,NA,196.45905,0.28294012,15,220.0589,0.4556925,4
Point (1564609.52570796990767121 5168479.39085763972252607),1564609.526,5168479.391,196.85495,0.200000003,NA,NA,196.45905,0.28294012,15,220.0589,0.4556925,4
Point (1559664.98004753002896905 5167525.92020118981599808),1559664.98,5167525.92,191.52373,0.200000003,NA,NA,196.45905,0.28294012,15,220.0589,0.4556925,4
Point (1559845.91261895000934601 5167514.9371207095682621),1559845.913,5167514.937,191.06586,0.200000003,NA,NA,196.45905,0.28294012,16,218.11823,0.39540365,4
Point (1564107.80305302003398538 5167228.3395234402269125),1564107.803,5167228.34,171.10716,0.200000003,NA,NA,196.45905,0.28294012,15,220.0589,0.4556925,4
Point (1560535.77883211988955736 5165770.14268384966999292),1560535.779,5165770.143,190.72363,0.200000003,NA,NA,196.45905,0.28294012,16,218.11823,0.39540365,4
Point (1562714.94523548008874059 5165754.3084695003926754),1562714.945,5165754.308,192.32352,0.200000003,NA,NA,196.45905,0.28294012,16,218.11823,0.39540365,4
Point (1564048.41625600005500019 5165931.83520516008138657),1564048.416,5165931.835,173.7898,0.200000003,NA,NA,196.45905,0.28294012,16,218.11823,0.39540365,4
Point (1560212.47567867999896407 5164800.98407975025475025),1560212.476,5164800.984,196.1064,0.200000003,NA,NA,196.45905,0.28294012,16,218.11823,0.39540365,4
Point (1562317.11193668004125357 5165570.8497614897787571),1562317.112,5165570.85,199.878,0.200000003,NA,NA,196.45905,0.28294012,16,218.11823,0.39540365,4
Point (1563316.49400979001075029 5165325.51665105018764734),1563316.494,5165325.517,194.25891,0.200000003,NA,NA,196.45905,0.28294012,15,220.0589,0.4556925,4
Point (1563932.49864319991320372 5165411.52793592028319836),1563932.499,5165411.528,189.37384,0.200000003,NA,NA,196.45905,0.28294012,16,218.11823,0.39540365,4
Point (1559690.22212823992595077 5164191.17328673042356968),1559690.222,5164191.173,195.639,0.200000003,NA,NA,196.45905,0.28294012,16,218.11823,0.39540365,4
Point (1559710.96333401999436319 5164202.67059729993343353),1559710.963,5164202.671,178.59323,0.200000003,NA,NA,196.45905,0.28294012,15,220.0589,0.4556925,4
Point (1572133.93878792994655669 5178976.22569942008703947),1572133.939,5178976.226,288.44,0.2,AMI 2,2,196.45905,0.28294012,15,220.0589,0.4556925,4
Point (1572136.39899670006707311 5178977.5068926801905036),1572136.399,5178977.507,261.27,0.2,AMI 3,2,196.45905,0.28294012,15,220.0589,0.4556925,4
Point (1572102.11271037999540567 5178921.864690319634974),1572102.113,5178921.865,200.99,0.2,AMI 4,2,196.45905,0.28294012,15,220.0589,0.4556925,4
Point (1572001.30604432011023164 5178854.9301809398457408),1572001.306,5178854.93,194.51,0.2,AMI 5,2,196.45905,0.28294012,15,220.0589,0.4556925,4
Point (1571935.82868707994930446 5178888.97377960011363029),1571935.829,5178888.974,197.31,0.2,AMI 6,2,196.45905,0.28294012,15,220.0589,0.4556925,4
Point (1574604.41268797009252012 5182886.66372532024979591),1574604.413,5182886.664,205.15,0.2,SW AVD 02,2,196.45905,0.28294012,15,220.0589,0.4556925,4
Point (1572955.503705820068717 5183132.31520858965814114),1572955.504,5183132.315,203.56,0.2,SW 6426,2,196.45905,0.28294012,16,218.11823,0.39540365,4
Point (1571929.5041832800488919 5197002.85539142973721027),1571929.504,5197002.855,217.49,0.2,SW KAS 40,2,196.45905,0.28294012,15,220.0589,0.4556925,4
Point (1572452.65327356988564134 5183028.17291301023215055),1572452.653,5183028.173,174,0.2,SW 6409 / SHY09,2,196.45905,0.28294012,16,218.11823,0.39540365,4
Point (1574701.45700256992131472 5182665.03166950028389692),1574701.457,5182665.032,180.14,0.2,SW AVD 07,2,196.45905,0.28294012,15,220.0589,0.4556925,4
Point (1575766.68002513004466891 5183820.45812426973134279),1575766.68,5183820.458,177.38,0.2,SW BUR 46,2,196.45905,0.28294012,15,220.0589,0.4556925,4
Point (1570313.33049844997003675 5180888.89755699969828129),1570313.33,5180888.898,187.54,0.2,SW CBD 21,2,196.45905,0.28294012,15,220.0589,0.4556925,4
Point (1568658.30361972004175186 5180927.98921469040215015),1568658.304,5180927.989,175,0.2,SW FND 01,2,196.45905,0.28294012,16,218.11823,0.39540365,4
Point (1573004.51328034000471234 5196784.81864157039672136),1573004.513,5196784.819,169,0.2,SW KAN 03,2,196.45905,0.28294012,15,220.0589,0.4556925,4
Point (1573164.8620057599619031 5196868.91661965008825064),1573164.862,5196868.917,195.47,0.2,SW KAN 19,2,196.45905,0.28294012,15,220.0589,0.4556925,4
Point (1571516.68040510988794267 5196997.7386979702860117),1571516.68,5196997.739,206.16,0.2,SW KAS 20,2,196.45905,0.28294012,15,220.0589,0.4556925,4
Point (1570531.0604231299366802 5180447.55085237976163626),1570531.06,5180447.551,176,0.2,SW Z2-4,2,196.45905,0.28294012,16,218.11823,0.39540365,4
Point (1570663.88542735995724797 5180526.08587177004665136),1570663.885,5180526.086,181.4,0.2,SW Z2-6,2,196.45905,0.28294012,15,220.0589,0.4556925,4
Point (1571093.51377854007296264 5180403.38998898956924677),1571093.514,5180403.39,191.67,0.2,SW Z4-4,2,196.45905,0.28294012,9,495.74252,0.7043546,4
Point (1564886.71499764989130199 5182945.91281936038285494),1564886.715,5182945.913,294,0.2,Burnside Park,2,196.45905,0.28294012,16,218.11823,0.39540365,4
Point (1569572.57924847002141178 5176184.17137886956334114),1569572.579,5176184.171,222,0.2,Cashmere High,2,196.45905,0.28294012,13,255.27419,0.65902555,4
Point (1571538.1020533898845315 5183443.79056194983422756),1571538.102,5183443.791,160,0.2,Christchurch Park,2,196.45905,0.28294012,15,220.0589,0.4556925,4
Point (1571622.9904250199906528 5180867.0146841099485755),1571622.99,5180867.015,211,0.2,Fitzgerald,2,196.45905,0.28294012,13,255.27419,0.65902555,4
Point (1573666.04690733994357288 5178401.13933415990322828),1573666.047,5178401.139,183,0.2,Garrick Park,2,196.45905,0.28294012,15,220.0589,0.4556925,4
Point (1569320.65181096992455423 5190100.75909925997257233),1569320.652,5190100.759,223,0.2,Groynes,2,196.45905,0.28294012,16,218.11823,0.39540365,4
Point (1568979.42367377993650734 5179482.24017623998224735),1568979.424,5179482.24,188,0.2,Hagley Park,2,196.45905,0.28294012,15,220.0589,0.4556925,4
Point (1565724.05466414010152221 5181051.36222689040005207),1565724.055,5181051.362,297,0.2,Ilam Fields,2,196.45905,0.28294012,16,218.11823,0.39540365,4
Point (1571123.97393482993356884 5180201.43351901043206453),1571123.974,5180201.434,192,0.2,Latimer Square,2,196.45905,0.28294012,16,218.11823,0.39540365,4
Point (1574579.81234613992273808 5181889.27511713001877069),1574579.812,5181889.275,186,0.2,Porritt Park,2,196.45905,0.28294012,15,220.0589,0.4556925,4
Point (1568717.75971557991579175 5186177.86832484975457191),1568717.76,5186177.868,188,0.2,Redwood Park,2,196.45905,0.28294012,15,220.0589,0.4556925,4
Point (1564915.84415150992572308 5179727.89413083996623755),1564915.844,5179727.894,324,0.2,Riccarton High Fields,2,196.45905,0.28294012,15,220.0589,0.4556925,4
Point (1406787.88784868991933763 4914224.68216575030237436),1406787.888,4914224.682,140,0.2,044A,2,266.02902,0.5950514,13,255.27419,0.65902555,4
Point (1561993.72988904011435807 5185419.65711767040193081),1561993.73,5185419.657,435,0.1,CACS,1,196.45905,0.28294012,16,218.11823,0.39540365,4
Point (1569283.76825587009079754 5180329.27269317954778671),1569283.768,5180329.273,197,0.1,CBGS,1,196.45905,0.28294012,15,220.0589,0.4556925,4
Point (1571514.66248991992324591 5179368.48359264992177486),1571514.662,5179368.484,182,0.1,CCCC,1,196.45905,0.28294012,15,220.0589,0.4556925,4
Point (1569904.77068858011625707 5179600.83718991000205278),1569904.771,5179600.837,196,0.1,CHHC,1,196.45905,0.28294012,13,255.27419,0.65902555,4
Point (1569649.67535533988848329 5176302.72341664042323828),1569649.675,5176302.723,213,0.1,CMHS,1,196.45905,0.28294012,15,220.0589,0.4556925,4
Point (1572762.5553832498844713 5197323.15551101043820381),1572762.555,5197323.156,257,0.1,KPOC,1,196.45905,0.28294012,16,218.11823,0.39540365,4
Point (1557078.51045099995099008 5169840.82036533020436764),1557078.51,5169840.82,292,0.1,LINC,1,196.45905,0.28294012,16,218.11823,0.39540365,4
Point (1568217.81241432996466756 5184377.93104093987494707),1568217.812,5184377.931,180,0.1,PPHS,1,196.45905,0.28294012,15,220.0589,0.4556925,4
Point (1574364.65763256000354886 5180742.87950496003031731),1574364.658,5180742.88,196,0.1,PRPC,1,196.45905,0.28294012,16,218.11823,0.39540365,4
Point (1570514.3871488799341023 5181156.69008769001811743),1570514.387,5181156.69,155,0.1,REHS,1,196.45905,0.28294012,16,218.11823,0.39540365,4
Point (1564805.81635673996061087 5179549.37843031994998455),1564805.816,5179549.378,286,0.1,RHSC,1,196.45905,0.28294012,15,220.0589,0.4556925,4
Point (1521355.36173280002549291 5155267.59463953040540218),1521355.362,5155267.595,452,0.1,RKAC,1,196.45905,0.28294012,15,220.0589,0.4556925,4
Point (1550041.16168885002844036 5173164.15625987015664577),1550041.162,5173164.156,447,0.1,ROLC,1,196.45905,0.28294012,15,220.0589,0.4556925,4
Point (1572789.46937932004220784 5183010.90251930989325047),1572789.469,5183010.903,201,0.1,SHLC,1,196.45905,0.28294012,15,220.0589,0.4556925,4
Point (1406821.82424270990304649 4914200.28816654998809099),1406821.824,4914200.288,140,0.2,SKFS,2,266.02902,0.5950514,11,691.41766,0.7239429,4
Point (1544985.04425887996330857 5163982.56862013041973114),1544985.044,5163982.569,327,0.1,SLRC,1,196.45905,0.28294012,16,218.11823,0.39540365,4
Point (1568766.12170710996724665 5187192.3357397299259901),1568766.122,5187192.336,219,0.1,SMTC,1,196.45905,0.28294012,15,220.0589,0.4556925,4
Point (1557345.71297321002930403 5177970.77580421045422554),1557345.713,5177970.776,398,0.1,TPLC,1,196.45905,0.28294012,16,218.11823,0.39540365,4
Point (1604394.79915375006385148 5281441.45202593039721251),1604394.799,5281441.452,504,0.1,WTMC,1,269.0047,0.5950514,11,691.41766,0.7239429,4
Point (1574897.82114838995039463 5184855.95283192954957485),1574897.821,5184855.953,180.71045,0.200000003,NA,NA,193.07104,0.2840642,15,220.0589,0.4556925,3
Point (1577028.025796809932217 5182299.00473607983440161),1577028.026,5182299.005,175.56184,0.200000003,NA,NA,183.95392,0.2840642,15,220.0589,0.4556925,3
Point (1576744.90840525995008647 5181471.32761701010167599),1576744.908,5181471.328,186.39116,0.200000003,NA,NA,181.58333,0.2840642,16,218.11823,0.39540365,3
Point (1575644.69196406006813049 5178199.60171728953719139),1575644.692,5178199.602,184.11772,0.200000003,NA,NA,171,0.2840642,16,218.11823,0.39540365,3
Point (1574788.3113200101070106 5177442.37610055971890688),1574788.311,5177442.376,185.47987,0.200000003,NA,NA,179.01799,0.2840642,15,220.0589,0.4556925,3
Point (1575987.58400313998572528 5177262.98807657044380903),1575987.584,5177262.988,198.32352,0.200000003,NA,NA,228,0.2840642,15,220.0589,0.4556925,3
Point (1576340.94299671007320285 5177197.52639331016689539),1576340.943,5177197.526,192.25317,0.200000003,NA,NA,228,0.2840642,255,NA,NA,3
Point (1574053.87778176995925605 5176825.09621611982584),1574053.878,5176825.096,192.37817,0.200000003,NA,NA,228,0.2840642,16,218.11823,0.39540365,3
Point (1574993.0146105398889631 5176429.78760003019124269),1574993.015,5176429.788,164.39864,0.200000003,NA,NA,179.01799,0.2840642,15,220.0589,0.4556925,3
Point (1576341.46484107989817858 5176543.78959727007895708),1576341.465,5176543.79,164.68033,0.200000003,NA,NA,NA,NA,255,NA,NA,3
Point (1574998.28552526002749801 5175804.03840691968798637),1574998.286,5175804.038,244.34302,0.200000003,NA,NA,208.49768,0.2840642,15,220.0589,0.4556925,3
Point (1575504.83791659004054964 5175608.63567726965993643),1575504.838,5175608.636,249.64885,0.200000003,NA,NA,225.14803,0.2840642,9,495.74252,0.7043546,3
Point (1573055.00001917011104524 5187259.99106195010244846),1573055,5187259.991,203.15843,0.200000003,NA,NA,159.1076,0.3545938,15,220.0589,0.4556925,1
Point (1573938.41849739011377096 5186507.79426144994795322),1573938.418,5186507.794,204.40501,0.200000003,NA,NA,159.1076,0.3545938,15,220.0589,0.4556925,1
Point (1574095.12777474010363221 5185325.75560410041362047),1574095.128,5185325.756,192.23134,0.200000003,NA,NA,159.1076,0.3545938,16,218.11823,0.39540365,1
Point (1569174.30198756000027061 5184479.97841938026249409),1569174.302,5184479.978,176.74574,0.200000003,NA,NA,159.1076,0.3545938,16,218.11823,0.39540365,1
Point (1571062.88364562997594476 5182235.88417293969541788),1571062.884,5182235.884,192.48439,0.200000003,NA,NA,159.1076,0.3545938,16,218.11823,0.39540365,1
Point (1570998.93510276009328663 5181326.73296242021024227),1570998.935,5181326.733,178.19048,0.200000003,NA,NA,159.1076,0.3545938,16,218.11823,0.39540365,1
Point (1678813.11714723007753491 5404452.78385735955089331),1678813.117,5404452.784,402,0.1,MGCS,1,782.0686,0.6023249,16,218.11823,0.39540365,1
