wkt_geom,easting,northing,vs30,uncertainty,station,q,geology_vs30,geology_stdv,tid,terrain_vs30,terrain_stdv,gid
Point (1969272.9600694898981601 5839442.2200968898832798),1969272.96,5839442.22,1000,0.5,WSRZ,3,1068.298,0.6903283,16,218.11823,0.39540365,15
Point (1878446.88401430007070303 5822916.81024158000946045),1878446.884,5822916.81,229,0.5,933B,3,1068.298,0.6903283,15,220.0589,0.4556925,14
Point (1878298.75559403002262115 5822479.28476557973772287),1878298.756,5822479.285,209,0.1,TBCS,1,1068.298,0.6903283,13,255.27419,0.65902555,14
Point (1853854.77584418002516031 5738144.47621347010135651),1853854.776,5738144.476,600,0.5,TIRS,3,1068.298,0.6903283,13,255.27419,0.65902555,14
Point (1866814.90816464996896684 5713564.59382015001028776),1866814.908,5713564.594,454,0.5,TPPS,3,1068.298,0.6903283,255,NA,NA,14
Point (1871611.1797550399787724 5719918.66634702030569315),1871611.18,5719918.666,409,0.5,ARAZ,3,1068.298,0.6903283,7,769.95667,0.7053239,14
Point (1821133.31561673991382122 5649542.16361401043832302),1821133.316,5649542.164,1000,0.5,DRZ,3,1068.298,0.6903283,15,220.0589,0.4556925,14
Point (1858833.93330191005952656 5807237.16203186009079218),1858833.933,5807237.162,467,0.5,KMRZ,3,1068.298,0.6903283,7,769.95667,0.7053239,14
Point (1831413.6034364199731499 5668885.40104083996266127),1831413.603,5668885.401,1000,0.5,NTVZ,3,1068.298,0.6903283,11,691.41766,0.7239429,14
Point (1831413.6034364199731499 5668885.40104083996266127),1831413.603,5668885.401,1000,0.5,TON8,3,1068.298,0.6903283,11,691.41766,0.7239429,14
Point (1906510.67712761997245252 5572463.85265750996768475),1906510.677,5572463.853,495,0.5,032A,3,439.86578,0.702906,10,361.86108,0.53872114,13
Point (1843643.12469571991823614 5531114.52492322027683258),1843643.125,5531114.525,290,0.5,120A,3,265.359,0.5950514,16,218.11823,0.39540365,13
Point (1822081.82685683993622661 5529526.94826294016093016),1822081.827,5529526.948,341,0.5,301A,3,259.48697,0.5950514,15,220.0589,0.4556925,13
Point (1822091.41358253988437355 5526082.34607283025979996),1822091.414,5526082.346,283,0.5,340A,3,268.5947,0.5950514,11,691.41766,0.7239429,13
Point (1806362.16466062003746629 5434913.92383269034326077),1806362.165,5434913.924,390,0.5,MAVS,3,264.1043,0.5950514,16,218.11823,0.39540365,13
Point (1820473.23000889993272722 5821088.44761476013809443),1820473.23,5821088.448,800,0.5,TOZ,3,439.86578,0.702906,5,736.6329,0.65327823,13
Point (1852563.86346578993834555 5561541.82062561996281147),1852563.863,5561541.821,800,0.5,TSZ,3,439.86578,0.702906,3,934.96515,0.6438865,13
Point (1843768.8313945799600333 5530749.24061259999871254),1843768.831,5530749.241,290,0.5,WDPS,3,265.33487,0.5950514,16,218.11823,0.39540365,13
Point (1881255.4117447598837316 5522762.47367069963365793),1881255.412,5522762.474,800,0.5,034A,3,782.0686,0.6023249,12,502.12625,0.6824076,12
Point (1748527.20995224011130631 5428921.60740425996482372),1748527.21,5428921.607,330,0.5,648A,3,275,0.5950514,9,495.74252,0.7043546,12
Point (1749011.41347802011296153 5428904.49797798041254282),1749011.413,5428904.498,275,0.2,902A,2,270.72028,0.5950514,14,302.07278,0.53168344,12
Point (1748436.81165285990573466 5427812.95769722014665604),1748436.812,5427812.958,1000,0.5,913A,3,782.0686,0.6023249,6,491.11566,0.68166685,12
Point (1748487.52147161005996168 5426978.94265718013048172),1748487.521,5426978.943,282,0.2,914A,2,271.5766,0.5950514,10,361.86108,0.53872114,12
Point (1748487.52147161005996168 5426978.94265718013048172),1748487.521,5426978.943,282,0.2,914B,2,271.5766,0.5950514,10,361.86108,0.53872114,12
Point (1748673.54491917998529971 5427075.13076581992208958),1748673.545,5427075.131,291,0.2,916A,2,268.59586,0.5950514,14,302.07278,0.53168344,12
Point (1748067.55402229004539549 5428197.9975009998306632),1748067.554,5428197.998,1000,0.5,918B,3,782.0686,0.6023249,11,691.41766,0.7239429,12
Point (1748066.6482797299977392 5428153.52842335030436516),1748066.648,5428153.528,1000,0.5,918C,3,782.0686,0.6023249,11,691.41766,0.7239429,12
Point (1748775.61484355991706252 5427128.54569627996534109),1748775.615,5427128.546,307,0.2,919A,2,268.59586,0.5950514,14,302.07278,0.53168344,12
Point (1748527.20995224011130631 5428921.60740425996482372),1748527.21,5428921.607,330,0.5,921A,3,275,0.5950514,9,495.74252,0.7043546,12
Point (1874354.19076092005707324 5491735.28998622018843889),1874354.191,5491735.29,800,0.5,BFZ,3,782.0686,0.6023249,5,736.6329,0.65327823,12
Point (1761516.35850200010463595 5438210.2709890203550458),1761516.359,5438210.271,1000,0.5,BMTS,3,782.0686,0.6023249,5,736.6329,0.65327823,12
Point (1762656.50399835989810526 5436404.43612346984446049),1762656.504,5436404.436,1000,0.5,FAIS,3,782.0686,0.6023249,5,736.6329,0.65327823,12
Point (1766266.39383049006573856 5442484.09042050037533045),1766266.394,5442484.09,526,0.5,HSSS,3,782.0686,0.6023249,8,614.3239,0.71882683,12
Point (1898406.12034379993565381 5629391.36155002005398273),1898406.12,5629391.362,760,0.5,KFHS,3,782.0686,0.6023249,5,736.6329,0.65327823,12
Point (2004671.49607133003883064 5670404.74277654010802507),2004671.496,5670404.743,800,0.5,KNZ,3,782.0686,0.6023249,3,934.96515,0.6438865,12
Point (1742327.28946850006468594 5434775.35486408974975348),1742327.289,5434775.355,1000,0.5,MKBS,3,782.0686,0.6023249,11,691.41766,0.7239429,12
Point (1742862.72946682991459966 5430375.19086330011487007),1742862.729,5430375.191,480,0.5,MKVS,3,273.49805,0.5950514,11,691.41766,0.7239429,12
Point (1817977.62609898997470737 5495727.42747003957629204),1817977.626,5495727.427,800,0.5,MRZ,3,782.0686,0.6023249,9,495.74252,0.7043546,12
Point (1995813.539775530109182 5747414.26585320010781288),1995813.54,5747414.266,800,0.5,MWZ,3,782.0686,0.6023249,4,1023.52203,0.707888,12
Point (2068836.46615079999901354 5829494.049437640234828),2068836.466,5829494.049,1000,0.5,MXZ,3,1068.298,0.6903283,8,614.3239,0.71882683,12
Point (1752679.10079413000494242 5433883.58870973996818066),1752679.101,5433883.589,1000,0.5,NEWS,3,782.0686,0.6023249,7,769.95667,0.7053239,12
Point (2061275.52828652993775904 5773176.1604926697909832),2061275.528,5773176.16,1000,0.5,PUZ,3,782.0686,0.6023249,11,691.41766,0.7239429,12
Point (1929559.82685889001004398 5561798.19316084031015635),1929559.827,5561798.193,1000,0.5,PWZ,3,782.0686,0.6023249,5,736.6329,0.65327823,12
Point (1929568.23483428009785712 5561691.31316034961491823),1929568.235,5561691.313,1000,0.5,PXZ,3,782.0686,0.6023249,5,736.6329,0.65327823,12
Point (1946599.86860339995473623 5718376.38476493954658508),1946599.869,5718376.385,1000,0.5,RTZ,3,782.0686,0.6023249,7,769.95667,0.7053239,12
Point (1756241.53630049992352724 5430984.42666602041572332),1756241.536,5430984.427,1000,0.5,SOMS,3,782.0686,0.6023249,11,691.41766,0.7239429,12
Point (1781067.7255438300780952 5450336.41833688039332628),1781067.726,5450336.418,800,0.5,TMDS,3,782.0686,0.6023249,5,736.6329,0.65327823,12
Point (1761836.56634298991411924 5433778.22096346039324999),1761836.566,5433778.221,1000,0.5,WANS,3,782.0686,0.6023249,11,691.41766,0.7239429,12
Point (1881003.61906327004544437 5522481.38758185040205717),1881003.619,5522481.388,800,0.5,WBFS,3,782.0686,0.6023249,9,495.74252,0.7043546,12
Point (1749020.12058609002269804 5429267.00045727007091045),1749020.121,5429267,265,0.1,WEMS,1,270.504,0.5950514,15,220.0589,0.4556925,12
Point (1748645.57125232997350395 5426332.54486155975610018),1748645.571,5426332.545,493,0.1,WNHS,1,782.0686,0.6023249,11,691.41766,0.7239429,12
Point (1745879.54589280998334289 5428161.30923353042453527),1745879.546,5428161.309,369,0.1,WNKS,1,269.67847,0.5950514,11,691.41766,0.7239429,12
Point (1763891.79224990005604923 5947911.82177111972123384),1763891.792,5947911.822,800,0.5,ABAZ,3,782.0686,0.6023249,11,691.41766,0.7239429,12
Point (1863412.13579004001803696 5624444.88567775022238493),1863412.136,5624444.886,800,0.5,BHHZ,3,782.0686,0.6023249,11,691.41766,0.7239429,12
Point (1869646.33664399990811944 5466319.37819327041506767),1869646.337,5466319.378,1000,0.5,CPWZ,3,782.0686,0.6023249,11,691.41766,0.7239429,12
Point (1771641.1133702399674803 5908549.85879032965749502),1771641.113,5908549.859,1000,0.5,ETAZ,3,782.0686,0.6023249,11,691.41766,0.7239429,12
Point (1754273.17226851009763777 5920355.81147164013236761),1754273.172,5920355.811,800,0.5,HBAZ,3,782.0686,0.6023249,11,691.41766,0.7239429,12
Point (1761789.04765108996070921 5735640.29316181968897581),1761789.048,5735640.293,800,0.5,HIZ,3,782.0686,0.6023249,5,736.6329,0.65327823,12
Point (1751939.2319806800223887 5923488.67647511046379805),1751939.232,5923488.676,800,0.5,KAAZ,3,782.0686,0.6023249,7,769.95667,0.7053239,12
Point (1894643.94525539991445839 5630577.26329625025391579),1894643.945,5630577.263,800,0.5,KWHZ,3,782.0686,0.6023249,12,502.12625,0.6824076,12
Point (1769388.14005805994383991 5929096.61500628013163805),1769388.14,5929096.615,1000,0.5,MBAZ,3,782.0686,0.6023249,15,220.0589,0.4556925,12
Point (1714444.05575426993891597 5673951.04193784017115831),1714444.056,5673951.042,1000,0.5,MHEZ,3,782.0686,0.6023249,15,220.0589,0.4556925,12
Point (2024097.44483676995150745 5654811.81926306989043951),2024097.445,5654811.819,1000,0.1,MHGZ,1,782.0686,0.6023249,11,691.41766,0.7239429,12
Point (1792041.78518856992013752 5891390.53977447003126144),1792041.785,5891390.54,800,0.2,MKAZ,2,782.0686,0.6023249,5,736.6329,0.65327823,12
Point (1757230.32862793002277613 5736718.98266540002077818),1757230.329,5736718.983,800,0.2,MOZ,2,782.0686,0.6023249,5,736.6329,0.65327823,12
Point (1929212.35136907990090549 5665551.02988400030881166),1929212.351,5665551.03,800,0.5,NMHZ,3,782.0686,0.6023249,11,691.41766,0.7239429,12
Point (2038626.90918954997323453 5713758.49500746000558138),2038626.909,5713758.495,1000,0.5,NOZ,3,782.0686,0.6023249,5,736.6329,0.65327823,12
Point (1783037.04892007005400956 5479325.41108842007815838),1783037.049,5479325.411,1000,0.5,OGWZ,3,782.0686,0.6023249,11,691.41766,0.7239429,12
Point (1771390.78367878007702529 5909009.66590669006109238),1771390.784,5909009.666,800,0.5,OTAZ,3,782.0686,0.6023249,7,769.95667,0.7053239,12
Point (1654252.42313601006753743 6102431.11246213968843222),1654252.423,6102431.112,1000,0.5,OUZ,3,782.0686,0.6023249,11,691.41766,0.7239429,12
Point (1834933.97260201000608504 5525085.29404888954013586),1834933.973,5525085.294,800,0.5,POWZ,3,782.0686,0.6023249,5,736.6329,0.65327823,12
Point (2023421.34264764003455639 5680461.59334035031497478),2023421.343,5680461.593,1000,0.5,PRGZ,3,782.0686,0.6023249,11,691.41766,0.7239429,12
Point (1985123.85312014003284276 5729947.46009294968098402),1985123.853,5729947.46,800,0.5,RAGZ,3,782.0686,0.6023249,11,691.41766,0.7239429,12
Point (1954297.43831598991528153 5684583.57944060955196619),1954297.438,5684583.579,800,0.5,RAHZ,3,782.0686,0.6023249,5,736.6329,0.65327823,12
Point (1587580.68998560006730258 6179072.60588744003325701),1587580.69,6179072.606,1000,0.5,TIKO,3,782.0686,0.6023249,11,691.41766,0.7239429,12
Point (1843523.82768873008899391 5482096.4210758600383997),1843523.828,5482096.421,1000,0.5,TIWZ,3,782.0686,0.6023249,11,691.41766,0.7239429,12
Point (2036344.42351170000620186 5762841.00842698011547327),2036344.424,5762841.008,800,0.5,TWGZ,3,782.0686,0.6023249,11,691.41766,0.7239429,12
Point (1790391.66285882005468011 5925966.48018970992416143),1790391.663,5925966.48,1000,0.5,WIAZ,3,782.0686,0.6023249,11,691.41766,0.7239429,12
Point (1740120.50286215008236468 5911468.41189706977456808),1740120.503,5911468.412,1000,0.5,WTAZ,3,711.34503,0.91852474,11,691.41766,0.7239429,12
Point (1757836.91276237997226417 5919954.34258763026446104),1757836.913,5919954.343,800,0.5,AKUS,3,782.0686,0.6023249,8,614.3239,0.71882683,12
Point (1927505.06961578992195427 5587875.3068384500220418),1927505.07,5587875.307,800,0.5,CREC,3,782.0686,0.6023249,15,220.0589,0.4556925,12
Point (1751943.27723280992358923 5923486.48760594986379147),1751943.277,5923486.488,1000,0.5,KAPS,3,782.0686,0.6023249,7,769.95667,0.7053239,12
Point (1911942.71550530008971691 5626091.94282663986086845),1911942.716,5626091.943,1000,0.5,KONC,3,782.0686,0.6023249,11,691.41766,0.7239429,12
Point (1955644.7556456399615854 5678083.04184553027153015),1955644.756,5678083.042,800,0.5,LPIH,3,782.0686,0.6023249,13,255.27419,0.65902555,12
Point (1825314.37024874007329345 5628628.83526905998587608),1825314.37,5628628.835,800,0.5,LWON,3,782.0686,0.6023249,15,220.0589,0.4556925,12
Point (1753813.44326067995280027 5916456.51695633959025145),1753813.443,5916456.517,584,0.5,MAGS,3,782.0686,0.6023249,14,302.07278,0.53168344,12
Point (1951843.82490468001924455 5691225.76015247032046318),1951843.825,5691225.76,1000,0.5,PAHZ,3,782.0686,0.6023249,11,691.41766,0.7239429,12
Point (1960232.11284345993772149 5693952.51838328968733549),1960232.113,5693952.518,800,0.5,TAPC,3,782.0686,0.6023249,6,491.11566,0.68166685,12
Point (1960258.61678687995299697 5693951.31271926034241915),1960258.617,5693951.313,800,0.5,TUIC,3,782.0686,0.6023249,6,491.11566,0.68166685,12
Point (1780138.19466133997775614 5449779.62888258043676615),1780138.195,5449779.629,506,0.5,123A,3,269.4984,0.5950514,11,691.41766,0.7239429,10
Point (1763856.72842675005085766 5436556.79101321008056402),1763856.728,5436556.791,600,0.5,465A,3,269.76874,0.5950514,10,361.86108,0.53872114,10
Point (1763856.72842675005085766 5436556.79101321008056402),1763856.728,5436556.791,600,0.5,465B,3,269.76874,0.5950514,10,361.86108,0.53872114,10
Point (1763894.04650738998316228 5437077.98701552022248507),1763894.047,5437077.987,190,0.1,468A,1,266.16132,0.5950514,16,218.11823,0.39540365,10
Point (1761681.55187893006950617 5438327.37140148039907217),1761681.552,5438327.371,800,0.5,602C,3,274.13568,0.5950514,9,495.74252,0.7043546,10
Point (1755902.4249960700981319 5434739.40803771000355482),1755902.425,5434739.408,800,0.5,603B,3,275,0.5950514,9,495.74252,0.7043546,10
Point (1761252.04732196009717882 5436737.3323241900652647),1761252.047,5436737.332,330,0.2,651A,2,261.68674,0.5950514,15,220.0589,0.4556925,10
Point (1755320.27424380998127162 5444185.58429601043462753),1755320.274,5444185.584,570,0.5,705B,3,269.28812,0.5950514,11,691.41766,0.7239429,10
Point (1755277.30969232995994389 5444153.44894030969589949),1755277.31,5444153.449,570,0.5,707A,3,269.28812,0.5950514,9,495.74252,0.7043546,10
Point (1763856.72842675005085766 5436556.79101321008056402),1763856.728,5436556.791,300,0.5,DAVS,3,269.76874,0.5950514,10,361.86108,0.53872114,10
Point (1770864.98748566000722349 5443714.86563233006745577),1770864.987,5443714.866,500,0.5,HIBS,3,262.07254,0.5950514,15,220.0589,0.4556925,10
Point (1761531.51462303008884192 5436698.51826092973351479),1761531.515,5436698.518,330,0.2,LNBS,2,260.8229,0.5950514,14,302.07278,0.53168344,10
Point (1759597.72162892995402217 5434025.08085590973496437),1759597.722,5434025.081,256,0.1,LRSS,1,254.2112,0.5950514,15,220.0589,0.4556925,10
Point (1763814.32761845993809402 5436948.42262934986501932),1763814.328,5436948.423,190,0.1,NBSS,1,266.16132,0.5950514,14,302.07278,0.53168344,10
Point (1755929.78229592996649444 5434821.86925800982862711),1755929.782,5434821.869,450,0.5,PTOS,3,275,0.5950514,5,736.6329,0.65327823,10
Point (1763954.66498335008509457 5439376.20044904015958309),1763954.665,5439376.2,510,0.1,TAIS,1,261.25446,0.5950514,15,220.0589,0.4556925,10
Point (1775111.24707249994389713 5447500.18351540993899107),1775111.247,5447500.184,500,0.5,TOTS,3,273.66135,0.5950514,14,302.07278,0.53168344,10
Point (1771321.66525775007903576 5445157.62266797013580799),1771321.665,5445157.623,390,0.1,UHCS,1,262.19586,0.5950514,15,220.0589,0.4556925,10
Point (1773350.53372380998916924 5445158.09407148044556379),1773350.534,5445158.094,481,0.1,UHSS,1,262.807,0.5950514,14,302.07278,0.53168344,10
Point (1785647.90645369002595544 5394870.85042551998049021),1785647.906,5394870.85,511,0.5,040A,3,387.9002,0.68287367,5,736.6329,0.65327823,7
Point (1786202.7472022098954767 5393437.51718278974294662),1786202.747,5393437.517,600,0.5,NWFS,3,387.9002,0.68287367,6,491.11566,0.68166685,7
Point (1762053.43964359001256526 5431795.01635884027928114),1762053.44,5431795.016,190,0.2,PRKS,2,387.9002,0.68287367,13,255.27419,0.65902555,7
Point (2037085.67154812999069691 5708273.14800374023616314),2037085.672,5708273.148,162,0.1,017A,1,213.60303,0.39401674,16,218.11823,0.39540365,6
Point (2037290.41795092006213963 5708507.08922081999480724),2037290.418,5708507.089,138,0.2,018A,2,199.03853,0.39401674,15,220.0589,0.4556925,6
Point (1709359.8301775399595499 5617533.17176030017435551),1709359.83,5617533.172,210,0.2,025A,2,439.86578,0.702906,16,218.11823,0.39540365,6
Point (1937056.97946819011121988 5621669.2278846800327301),1937056.979,5621669.228,268,0.5,027F,3,239,0.39401674,10,361.86108,0.53872114,6
Point (1937056.97946819011121988 5621669.2278846800327301),1937056.979,5621669.228,268,0.5,027G,3,239,0.39401674,10,361.86108,0.53872114,6
Point (2003322.98076072009280324 5798299.04140041023492813),2003322.981,5798299.041,522,0.5,113A,3,439.86578,0.702906,6,491.11566,0.68166685,6
Point (1806928.45466470997780561 5549379.88053811993449926),1806928.455,5549379.881,387,0.5,114A,3,439.86578,0.702906,15,220.0589,0.4556925,6
Point (1760658.41198629001155496 5433384.82110907044261694),1760658.412,5433384.821,350,0.2,249A,2,239,0.39401674,6,491.11566,0.68166685,6
Point (1756891.3706607399508357 5434433.01929472014307976),1756891.371,5434433.019,161,0.5,601A,3,239,0.39401674,255,NA,NA,6
Point (1757524.63406548998318613 5434663.83432327955961227),1757524.634,5434663.834,200,0.2,608A,2,190.12105,0.39401674,16,218.11823,0.39540365,6
Point (1760666.08487152005545795 5433384.65181931015104055),1760666.085,5433384.652,350,0.1,642A,1,239,0.39401674,6,491.11566,0.68166685,6
Point (1760736.0682224000338465 5433483.10595258977264166),1760736.068,5433483.106,350,0.1,642E,1,239,0.39401674,6,491.11566,0.68166685,6
Point (1760668.65184451011009514 5433385.01890403032302856),1760668.652,5433385.019,350,0.1,642G,1,239,0.39401674,6,491.11566,0.68166685,6
Point (1760666.08487152005545795 5433384.65181931015104055),1760666.085,5433384.652,350,0.1,642H,1,239,0.39401674,6,491.11566,0.68166685,6
Point (1757808.76725217001512647 5435257.23878161981701851),1757808.767,5435257.239,189,0.5,644C,3,229.62808,0.39401674,13,255.27419,0.65902555,6
Point (1754355.5855618400964886 5445039.43771461956202984),1754355.586,5445039.438,275,0.5,708A,3,239,0.39401674,14,302.07278,0.53168344,6
Point (1751345.96707716002129018 5423443.07442533038556576),1751345.967,5423443.074,239,0.2,912A,2,212.684,0.39401674,15,220.0589,0.4556925,6
Point (1936878.57231576996855438 5621710.09748494997620583),1936878.572,5621710.097,429,0.5,926A,3,234.15837,0.39401674,7,769.95667,0.7053239,6
Point (1759873.9879075800999999 5432446.59546773042529821),1759873.988,5432446.595,180,0.1,934B,1,228.85172,0.39401674,15,220.0589,0.4556925,6
Point (1759115.62319913995452225 5427371.36056324001401663),1759115.623,5427371.361,540,0.2,EBPS,2,239,0.39401674,1,791.7739,0.6686169,6
Point (2037080.17362883989699185 5708245.82928689010441303),2037080.174,5708245.829,162,0.1,GISS,1,212.88242,0.39401674,16,218.11823,0.39540365,6
Point (1709426.36045980011112988 5617511.05561309959739447),1709426.36,5617511.056,210,0.2,HWHS,2,439.86578,0.702906,16,218.11823,0.39540365,6
Point (1758704.16889639990404248 5433887.4074516398832202),1758704.169,5433887.407,212,0.1,LHUS,1,239,0.39401674,16,218.11823,0.39540365,6
Point (1760851.67644774005748332 5433677.58443528041243553),1760851.676,5433677.584,400,0.5,LIRS,3,238.9501,0.39401674,10,361.86108,0.53872114,6
Point (1752206.39835680997930467 5424691.5379631295800209),1752206.398,5424691.538,274,0.1,MISS,1,222.52544,0.39401674,13,255.27419,0.65902555,6
Point (1785737.13955773995257914 5395072.83377425000071526),1785737.14,5395072.834,800,0.5,NMPS,3,239,0.39401674,2,730.71454,0.7424247,6
Point (1936784.14675468998029828 5621565.26159221027046442),1936784.147,5621565.262,600,0.5,NSPS,3,234.15837,0.39401674,6,491.11566,0.68166685,6
Point (1757530.02175165992230177 5434617.10943770036101341),1757530.022,5434617.109,200,0.2,PGMS,2,190.12105,0.39401674,16,218.11823,0.39540365,6
Point (1754366.85360972001217306 5445026.91254623979330063),1754366.854,5445026.913,275,0.5,POLS,3,239,0.39401674,14,302.07278,0.53168344,6
Point (1757066.44314385997131467 5434600.42574321012943983),1757066.443,5434600.426,190,0.2,PVCS,2,239,0.39401674,16,218.11823,0.39540365,6
Point (1753785.98822683002799749 5423374.41751352977007627),1753785.988,5423374.418,305,0.1,SEAS,1,239,0.39401674,255,NA,NA,6
Point (1774991.46044166991487145 5577600.11720823030918837),1774991.46,5577600.117,250,0.5,WCDS,3,405.4836,0.5624408,15,220.0589,0.4556925,6
Point (1751392.94301523989997804 5423428.96002312004566193),1751392.943,5423428.96,229,0.1,WNAS,1,212.684,0.39401674,15,220.0589,0.4556925,6
Point (1935265.31186779006384313 5621691.48557128012180328),1935265.312,5621691.486,440,0.2,015A,2,272.22363,0.5950514,11,691.41766,0.7239429,5
Point (1936720.7296437700279057 5621981.76247879955917597),1936720.73,5621981.762,440,0.2,NGHS,2,271.35132,0.5950514,9,495.74252,0.7043546,5
Point (1886806.90617660991847515 5745790.7975761704146862),1886806.906,5745790.798,800,0.5,HRRZ,3,408.024,0.6333282,5,736.6329,0.65327823,5
Point (1692922.4476186300162226 5676345.12081259023398161),1692922.448,5676345.121,350,0.5,024A,3,269.42004,0.5950514,11,691.41766,0.7239429,4
Point (1929774.16624396992847323 5604530.50133583042770624),1929774.166,5604530.501,196,0.1,029A,1,261.7628,0.5950514,16,218.11823,0.39540365,4
Point (1863699.76781104994006455 5544465.70524139981716871),1863699.768,5544465.705,367,0.5,033A,3,266.11273,0.5950514,16,218.11823,0.39540365,4
Point (1863439.38632713002152741 5544308.1564556797966361),1863439.386,5544308.156,403,0.5,033C,3,267.3153,0.5950514,16,218.11823,0.39540365,4
Point (1823869.67628001002594829 5463577.59843913000077009),1823869.676,5463577.598,314,0.5,039D,3,261.48254,0.5950514,16,218.11823,0.39540365,4
Point (1823869.67628001002594829 5463577.59843913000077009),1823869.676,5463577.598,314,0.5,039E,3,261.48254,0.5950514,16,218.11823,0.39540365,4
Point (1843034.0725935900118202 5680727.13157331012189388),1843034.073,5680727.132,200,0.5,081A,3,264.61905,0.5950514,16,218.11823,0.39540365,4
Point (1934656.32964356988668442 5774760.33348506037145853),1934656.33,5774760.333,350,0.5,085M,3,274.23373,0.5950514,5,736.6329,0.65327823,4
Point (1783403.19513679994270205 5601513.0742776095867157),1783403.195,5601513.074,800,0.5,087B,3,270.79532,0.5950514,1,791.7739,0.6686169,4
Point (1982936.58189521008171141 5670158.86585136037319899),1982936.582,5670158.866,155,0.2,096A,2,275,0.5950514,255,NA,NA,4
Point (1982936.04533620993606746 5670147.85261602979153395),1982936.045,5670147.853,155,0.2,225B,2,275,0.5950514,255,NA,NA,4
Point (1775417.53180645010434091 5577577.19172963965684175),1775417.532,5577577.192,250,0.2,302A,2,266.47516,0.5950514,15,220.0589,0.4556925,4
Point (2028418.59431931003928185 5713066.0720659801736474),2028418.594,5713066.072,156,0.1,709A,1,258.58496,0.5950514,16,218.11823,0.39540365,4
Point (1932844.28486439003609121 5601550.10767308995127678),1932844.285,5601550.108,256,0.1,928B,1,269.16745,0.5950514,11,691.41766,0.7239429,4
Point (1924789.46051858994178474 5778194.53225291986018419),1924789.461,5778194.532,320,0.5,931B,3,268.4754,0.5950514,15,220.0589,0.4556925,4
Point (2028522.14150518993847072 5713256.36885355971753597),2028522.142,5713256.369,156,0.1,GWTS,1,258.58496,0.5950514,16,218.11823,0.39540365,4
Point (2021409.04579288000240922 5810462.3442190196365118),2021409.046,5810462.344,600,0.5,HAZ,3,275,0.5950514,1,791.7739,0.6686169,4
Point (1929764.43802405009046197 5604487.21285765990614891),1929764.438,5604487.213,196,0.1,HCDS,1,261.7628,0.5950514,16,218.11823,0.39540365,4
Point (1932836.63095407001674175 5601555.10687220003455877),1932836.631,5601555.107,256,0.1,HNPS,1,269.16745,0.5950514,11,691.41766,0.7239429,4
Point (1925350.84855345007963479 5778417.68129677977412939),1925350.849,5778417.681,220,0.2,KAFS,2,263.4218,0.5950514,16,218.11823,0.39540365,4
Point (1959724.35212350008077919 5757421.24784026015549898),1959724.352,5757421.248,800,0.5,URZ,3,272.25934,0.5950514,9,495.74252,0.7043546,4
Point (1983055.45343014993704855 5670097.45201839040964842),1983055.453,5670097.452,155,0.2,WFSS,2,275,0.5950514,15,220.0589,0.4556925,4
Point (1802105.5085277899634093 5815487.61686537973582745),1802105.509,5815487.617,182,0.1,HBHS,1,263.54578,0.5950514,15,220.0589,0.4556925,4
Point (1719121.72433998994529247 6046866.85568401962518692),1719121.724,6046866.856,800,0.5,WBHS,3,274.77264,0.5950514,9,495.74252,0.7043546,4
Point (1933261.13796533993445337 5620565.33963384013622999),1933261.138,5620565.34,176,0.1,014A,1,183.16321,0.2840642,15,220.0589,0.4556925,3
Point (2037740.00310148997232318 5706989.57175206020474434),2037740.003,5706989.572,480,0.5,016A,3,275,0.5950514,7,769.95667,0.7053239,3
Point (1935001.71933718002401292 5619978.38562893960624933),1935001.719,5619978.386,230,0.2,027A,2,175.85156,0.2840642,15,220.0589,0.4556925,3
Point (1935001.71933718002401292 5619978.38562893960624933),1935001.719,5619978.386,230,0.2,027C,2,175.85156,0.2840642,15,220.0589,0.4556925,3
Point (2036798.87112874002195895 5711013.53640193957835436),2036798.871,5711013.536,275,0.1,GHHS,1,271.24573,0.5950514,15,220.0589,0.4556925,3
Point (1933111.06529977009631693 5624044.5027615400031209),1933111.065,5624044.503,243,0.1,NAAS,1,182.06424,0.2840642,16,218.11823,0.39540365,3
Point (1933299.61897674994543195 5620542.88917589001357555),1933299.619,5620542.889,176,0.1,NCDS,1,183.16321,0.2840642,15,220.0589,0.4556925,3
Point (1935057.33832275005988777 5619744.70983992982655764),1935057.338,5619744.71,230,0.1,NCHS,1,175.85156,0.2840642,15,220.0589,0.4556925,3
Point (1934655.31377966003492475 5774703.10830138996243477),1934655.314,5774703.108,350,0.5,085D,3,418,0.25372875,5,736.6329,0.65327823,2
Point (1934465.81565766991116107 5774756.72294424008578062),1934465.816,5774756.723,350,0.5,085N,3,418,0.25372875,255,NA,NA,2
Point (1749109.13645376008935273 5426688.27068828046321869),1749109.136,5426688.271,245,0.2,132A,2,242,0.25372875,13,255.27419,0.65902555,2
Point (1759407.40524184005334973 5432579.28240001015365124),1759407.405,5432579.282,218,0.5,467A,3,418,0.25372875,15,220.0589,0.4556925,2
Point (1748882.38846273999661207 5427848.33264780975878239),1748882.388,5427848.333,474,0.2,647A,2,418,0.25372875,255,NA,NA,2
Point (1748797.09240121999755502 5427803.04927515983581543),1748797.092,5427803.049,474,0.2,647D,2,418,0.25372875,10,361.86108,0.53872114,2
Point (1748954.06521810009144247 5427291.40192213002592325),1748954.065,5427291.402,267,0.2,900B,2,261.12537,0.25372875,15,220.0589,0.4556925,2
Point (1749036.27461536996997893 5427622.73991553019732237),1749036.275,5427622.74,250,0.5,900C,3,418,0.25372875,255,NA,NA,2
Point (1748942.15689598000608385 5428769.06420687958598137),1748942.157,5428769.064,250,0.2,907A,2,376.76178,0.25372875,14,302.07278,0.53168344,2
Point (1748786.97233297000639141 5427683.35131589975208044),1748786.972,5427683.351,358,0.2,911A,2,418,0.25372875,10,361.86108,0.53872114,2
Point (1748954.06521810009144247 5427291.40192213002592325),1748954.065,5427291.402,272,0.2,941A,2,261.12537,0.25372875,15,220.0589,0.4556925,2
Point (1748946.8718947300221771 5427751.2568960003554821),1748946.872,5427751.257,323,0.1,FKPS,1,418,0.25372875,255,NA,NA,2
Point (1749605.65599732007831335 5430010.42431875038892031),1749605.656,5430010.424,210,0.1,PIPS,1,418,0.25372875,255,NA,NA,2
Point (1748637.57650758000090718 5429504.8938696701079607),1748637.577,5429504.894,453,0.1,POTS,1,418,0.25372875,2,730.71454,0.7424247,2
Point (1749127.93534163990989327 5426794.65594585984945297),1749127.935,5426794.656,246,0.1,RQGS,1,242,0.25372875,13,255.27419,0.65902555,2
Point (1749133.80125538003630936 5427454.22772120963782072),1749133.801,5427454.228,292,0.1,TEPS,1,418,0.25372875,255,NA,NA,2
Point (1749334.47258226992562413 5429133.86765369959175587),1749334.473,5429133.868,271,0.1,TFSS,1,348.56216,0.25372875,11,691.41766,0.7239429,2
Point (1748934.61604341003112495 5428650.58471671957522631),1748934.616,5428650.585,286,0.1,VUWS,1,395.59198,0.25372875,16,218.11823,0.39540365,2
Point (1749246.26462362008169293 5428760.7099117198958993),1749246.265,5428760.71,244,0.1,CPLB,1,340.61697,0.25372875,255,NA,NA,2
Point (1763209.60825167992152274 5430872.9892619401216507),1763209.608,5430872.989,120,0.1,646A,1,159.1076,0.3545938,13,255.27419,0.65902555,1
Point (1763194.98399524996057153 5430962.30098468996584415),1763194.984,5430962.301,120,0.1,646B,1,159.1076,0.3545938,13,255.27419,0.65902555,1
Point (1763194.98399524996057153 5430962.30098468996584415),1763194.984,5430962.301,120,0.1,646C,1,159.1076,0.3545938,13,255.27419,0.65902555,1
Point (1763234.40635467995889485 5430838.1106778597459197),1763234.406,5430838.111,120,0.1,WDAS,1,159.1076,0.3545938,13,255.27419,0.65902555,1
