easting,northing,vs30,uncertainty,station,q,geology_vs30,geology_stdv,tid,terrain_vs30,terrain_stdv,gid
1488782.50768646,5368110.00971868,1000,0.5,083A,3,NA,NA,255,NA,NA,15
1119289.18327429,4966179.45096106,1500,0.5,CSBF,3,1068.298,0.6903283,5,736.6329,0.65327823,15
1142961.93127864,4948773.24783934,1500,0.5,DCZ,3,1068.298,0.6903283,5,736.6329,0.65327823,15
1126643.3385455,4976846.85891952,1500,0.5,DECF,3,1068.298,0.6903283,255,NA,NA,15
1472615.33737289,5268604.77507103,1500,0.5,INZ,3,1068.298,0.6903283,11,691.41766,0.7239429,15
1153144.64773869,4943198.50654065,1500,0.5,MANS,3,1068.298,0.6903283,255,NA,NA,15
1119892.67902006,4974315.07231155,1000,0.5,SECF,3,1068.298,0.6903283,6,491.11566,0.68166685,15
1706999.76134572,5437104.73287884,1000,0.5,TCW,3,1068.298,0.6903283,4,1023.52203,0.707888,15
1285178.2807816,5028545.50399157,1000,0.5,WKZ,3,1068.298,0.6903283,5,736.6329,0.65327823,15
1415769.8473176,5228754.7121337,270,0.5,WVAS,3,1068.298,0.6903283,16,218.11823,0.39540365,15
1415745.93927508,5228442.88587423,1000,0.5,WVZ,3,1068.298,0.6903283,15,220.0589,0.4556925,15
1217860.05459099,4801322.91743018,1500,0.5,APZ,3,1068.298,0.6903283,11,691.41766,0.7239429,15
1162547.57178446,5024929.2477553,1500,0.5,BCOF,3,1068.298,0.6903283,1,791.7739,0.6686169,15
1280673.40714082,5120707.46848984,1500,0.5,BRAH,3,1068.298,0.6903283,7,769.95667,0.7053239,15
1118163.94987527,4952478.61921882,1500,0.5,DAGG,3,1068.298,0.6903283,255,NA,NA,15
1105152.45692965,4916933.13549944,1500,0.5,DKCV,3,1068.298,0.6903283,4,1023.52203,0.707888,15
1115665.79856357,4964784.54960301,1500,0.5,FBYF,3,1068.298,0.6903283,4,1023.52203,0.707888,15
1097104.12527654,4894742.27735693,1500,0.5,LFRZ,3,1068.298,0.6903283,11,691.41766,0.7239429,15
1118279.42900916,4888824.43814557,1500,0.5,LSTC,3,1068.298,0.6903283,8,614.3239,0.71882683,15
1180309.86316289,5039368.90664646,1500,0.5,RONF,3,1068.298,0.6903283,1,791.7739,0.6686169,15
1175791.32459026,5033696.22403898,1500,0.5,RUGF,3,1068.298,0.6903283,1,791.7739,0.6686169,15
1126934.90931052,4920736.18045277,1500,0.5,SPCV,3,1068.298,0.6903283,4,1023.52203,0.707888,15
1678781.77661171,5413145.84192156,1000,0.5,TUWZ,3,1068.298,0.6903283,11,691.41766,0.7239429,15
1969272.96006949,5839442.22009689,1000,0.5,WSRZ,3,1068.298,0.6903283,16,218.11823,0.39540365,15
1282674.80811118,5133273.09869254,1500,0.5,ZIHA,3,1068.298,0.6903283,7,769.95667,0.7053239,15
1118182.56270866,4960753.62090421,1500,0.5,FRBF,3,1068.298,0.6903283,3,934.96515,0.6438865,15
1108366.77946845,4921238.83384318,1500,0.5,RLNS,3,1068.298,0.6903283,3,934.96515,0.6438865,15
1415677.48091645,5228399.91433476,1000,0.5,WVZS,3,1068.298,0.6903283,15,220.0589,0.4556925,15
1878446.8840143,5822916.81024158,229,0.5,933B,3,1068.298,0.6903283,15,220.0589,0.4556925,14
1571343.72479735,5171765.06448077,1000,0.5,D13C,3,1068.298,0.6903283,9,495.74252,0.7043546,14
1631809.16021275,5437072.68745741,1000,0.5,NNZ,3,782.0686,0.6023249,6,491.11566,0.68166685,14
1522028.71923422,5202544.39980102,1000,0.5,OXZ,3,1068.298,0.6903283,11,691.41766,0.7239429,14
1579869.49089226,5176087.79552046,750,0.5,PARS,3,1068.298,0.6903283,7,769.95667,0.7053239,14
1580372.1375789,5175699.51509769,900,0.5,RHBS,3,1068.298,0.6903283,3,934.96515,0.6438865,14
1571343.72479735,5171765.06448077,1000,0.5,STKS,3,1068.298,0.6903283,9,495.74252,0.7043546,14
1878298.75559403,5822479.28476558,209,0.1,TBCS,1,1068.298,0.6903283,13,255.27419,0.65902555,14
1853854.77584418,5738144.47621347,600,0.5,TIRS,3,1068.298,0.6903283,13,255.27419,0.65902555,14
1866814.90816465,5713564.59382015,454,0.5,TPPS,3,1068.298,0.6903283,255,NA,NA,14
1871611.17975504,5719918.66634702,409,0.5,ARAZ,3,1068.298,0.6903283,7,769.95667,0.7053239,14
1821133.31561674,5649542.16361401,1000,0.5,DRZ,3,1068.298,0.6903283,15,220.0589,0.4556925,14
1858833.93330191,5807237.16203186,467,0.5,KMRZ,3,1068.298,0.6903283,7,769.95667,0.7053239,14
1831413.60343642,5668885.40104084,1000,0.5,NTVZ,3,1068.298,0.6903283,11,691.41766,0.7239429,14
1604793.22455318,5158862.55531684,1500,0.5,OKCZ,3,1068.298,0.6903283,7,769.95667,0.7053239,14
1586426.03393366,5152473.76979047,1500,0.5,OKUC,3,1068.298,0.6903283,4,1023.52203,0.707888,14
1831413.60343642,5668885.40104084,1000,0.5,TON8,3,1068.298,0.6903283,11,691.41766,0.7239429,14
1568063.6539701,5205264.81817215,225.27951,0.200000002980232,NA,NA,265.769,0.5950514,16,218.11823,0.39540365,13
1568039.90609857,5204912.9448416,227.85147,0.200000002980232,NA,NA,264.38824,0.5950514,16,218.11823,0.39540365,13
1906510.67712762,5572463.85265751,495,0.5,032A,3,439.86578,0.702906,10,361.86108,0.53872114,13
1586072.18807048,5292104.49645148,280,0.5,042A,3,269.1781,0.5950514,15,220.0589,0.4556925,13
1843643.12469572,5531114.52492322,290,0.5,120A,3,265.359,0.5950514,16,218.11823,0.39540365,13
1543911.23010708,5371931.96861163,500,0.5,122A,3,264.62775,0.5950514,14,302.07278,0.53168344,13
1544100.4637881,5372211.30531271,500,0.5,129A,3,264.0701,0.5950514,15,220.0589,0.4556925,13
1590120.13425989,5400889.6005966,390,0.5,264A,3,273.8766,0.5950514,10,361.86108,0.53872114,13
1822081.82685684,5529526.94826294,341,0.5,301A,3,259.48697,0.5950514,15,220.0589,0.4556925,13
1822091.41358254,5526082.34607283,283,0.5,340A,3,268.5947,0.5950514,11,691.41766,0.7239429,13
1440251.45720224,5003927.06063849,312,0.5,507A,3,275,0.5950514,16,218.11823,0.39540365,13
1583847.38062917,5265879.79889075,407,0.1,CULC,1,264.23557,0.5950514,16,218.11823,0.39540365,13
1527402.00285507,5184413.95656781,515,0.1,DFHS,1,264.778,0.5950514,16,218.11823,0.39540365,13
1526436.15244783,5173684.05010783,457,0.1,GDLC,1,263.4692,0.5950514,16,218.11823,0.39540365,13
1515969.8198521,5178731.43336893,531,0.1,HORC,1,264.1043,0.5950514,16,218.11823,0.39540365,13
1586077.18598576,5292112.13092521,280,0.5,HSES,3,269.1781,0.5950514,15,220.0589,0.4556925,13
1806362.16466062,5434913.92383269,390,0.5,MAVS,3,264.1043,0.5950514,16,218.11823,0.39540365,13
1544175.20582907,5372218.24333594,501,0.5,MCAS,3,262.42145,0.5950514,15,220.0589,0.4556925,13
1559114.98923837,5198035.17600491,546,0.1,SWNC,1,262.97467,0.5950514,16,218.11823,0.39540365,13
1820473.2300089,5821088.44761476,800,0.5,TOZ,3,439.86578,0.702906,5,736.6329,0.65327823,13
1852563.86346579,5561541.82062562,800,0.5,TSZ,3,439.86578,0.702906,3,934.96515,0.6438865,13
1843768.83139458,5530749.2406126,290,0.5,WDPS,3,265.33487,0.5950514,16,218.11823,0.39540365,13
1583644.7994242,5272347.66649584,478,0.1,WIGC,1,264.23557,0.5950514,16,218.11823,0.39540365,13
1613756.64885965,5340484.11031095,800,0.5,AC3A,3,275,0.5950514,6,491.11566,0.68166685,13
1881255.41174476,5522762.4736707,800,0.5,034A,3,782.0686,0.6023249,12,502.12625,0.6824076,12
1748527.20995224,5428921.60740426,330,0.5,648A,3,275,0.5950514,9,495.74252,0.7043546,12
1749011.41347802,5428904.49797798,275,0.2,902A,2,270.72028,0.5950514,14,302.07278,0.53168344,12
1748436.81165286,5427812.95769722,1000,0.5,913A,3,782.0686,0.6023249,6,491.11566,0.68166685,12
1748487.52147161,5426978.94265718,282,0.2,914A,2,271.5766,0.5950514,10,361.86108,0.53872114,12
1748487.52147161,5426978.94265718,282,0.2,914B,2,271.5766,0.5950514,10,361.86108,0.53872114,12
1748673.54491918,5427075.13076582,291,0.2,916A,2,268.59586,0.5950514,14,302.07278,0.53168344,12
1748067.55402229,5428197.997501,1000,0.5,918B,3,782.0686,0.6023249,11,691.41766,0.7239429,12
1748066.64827973,5428153.52842335,1000,0.5,918C,3,782.0686,0.6023249,11,691.41766,0.7239429,12
1748775.61484356,5427128.54569628,307,0.2,919A,2,268.59586,0.5950514,14,302.07278,0.53168344,12
1748527.20995224,5428921.60740426,330,0.5,921A,3,275,0.5950514,9,495.74252,0.7043546,12
1874354.19076092,5491735.28998622,800,0.5,BFZ,3,782.0686,0.6023249,5,736.6329,0.65327823,12
1761516.358502,5438210.27098902,1000,0.5,BMTS,3,782.0686,0.6023249,5,736.6329,0.65327823,12
1441177.65671906,5083633.62406721,1500,0.5,CVZ,3,1068.298,0.6903283,7,769.95667,0.7053239,12
1500605.58639078,5377849.4472992,800,0.5,DSZ,3,782.0686,0.6023249,12,502.12625,0.6824076,12
1762656.50399836,5436404.43612347,1000,0.5,FAIS,3,782.0686,0.6023249,5,736.6329,0.65327823,12
1342678.71823936,5175165.61258902,1000,0.5,FOZ,3,1068.298,0.6903283,5,736.6329,0.65327823,12
1766266.39383049,5442484.0904205,526,0.5,HSSS,3,782.0686,0.6023249,8,614.3239,0.71882683,12
1248001.5173185,5121831.32607709,800,0.5,JCWJ,3,782.0686,0.6023249,5,736.6329,0.65327823,12
1262509.96807618,5111353.88022982,1500,0.5,JCZ,3,1068.298,0.6903283,3,934.96515,0.6438865,12
1898406.1203438,5629391.36155002,760,0.5,KFHS,3,782.0686,0.6023249,5,736.6329,0.65327823,12
2004671.49607133,5670404.74277654,800,0.5,KNZ,3,782.0686,0.6023249,3,934.96515,0.6438865,12
1375728.063067,5081447.28215562,1000,0.5,LBZ,3,782.0686,0.6023249,5,736.6329,0.65327823,12
1540373.75506805,5263172.74825625,1000,0.5,LTZ,3,782.0686,0.6023249,6,491.11566,0.68166685,12
1742327.2894685,5434775.35486409,1000,0.5,MKBS,3,782.0686,0.6023249,11,691.41766,0.7239429,12
1742862.72946683,5430375.1908633,480,0.5,MKVS,3,273.49805,0.5950514,11,691.41766,0.7239429,12
1217722.56545209,4964727.34065646,1500,0.5,MLZ,3,1068.298,0.6903283,5,736.6329,0.65327823,12
1817977.62609899,5495727.42747004,800,0.5,MRZ,3,782.0686,0.6023249,9,495.74252,0.7043546,12
1995813.53977553,5747414.2658532,800,0.5,MWZ,3,782.0686,0.6023249,4,1023.52203,0.707888,12
2068836.4661508,5829494.04943764,1000,0.5,MXZ,3,1068.298,0.6903283,8,614.3239,0.71882683,12
1622963.91930089,5429256.93826988,550,0.5,NELS,3,782.0686,0.6023249,9,495.74252,0.7043546,12
1752679.10079413,5433883.58870974,1000,0.5,NEWS,3,782.0686,0.6023249,7,769.95667,0.7053239,12
2061275.52828653,5773176.16049267,1000,0.5,PUZ,3,782.0686,0.6023249,11,691.41766,0.7239429,12
1929559.82685889,5561798.19316084,1000,0.5,PWZ,3,782.0686,0.6023249,5,736.6329,0.65327823,12
1929568.23483428,5561691.31316035,1000,0.5,PXZ,3,782.0686,0.6023249,5,736.6329,0.65327823,12
1560296.00718345,5480504.54701378,1000,0.5,QRZ,3,1068.298,0.6903283,7,769.95667,0.7053239,12
1946599.8686034,5718376.38476494,1000,0.5,RTZ,3,782.0686,0.6023249,7,769.95667,0.7053239,12
1756241.5363005,5430984.42666602,1000,0.5,SOMS,3,782.0686,0.6023249,11,691.41766,0.7239429,12
1781067.72554383,5450336.41833688,800,0.5,TMDS,3,782.0686,0.6023249,5,736.6329,0.65327823,12
1761836.56634299,5433778.22096346,1000,0.5,WANS,3,782.0686,0.6023249,11,691.41766,0.7239429,12
1881003.61906327,5522481.38758185,800,0.5,WBFS,3,782.0686,0.6023249,9,495.74252,0.7043546,12
1749020.12058609,5429267.00045727,265,0.1,WEMS,1,270.504,0.5950514,15,220.0589,0.4556925,12
1748645.57125233,5426332.54486156,493,0.1,WNHS,1,782.0686,0.6023249,11,691.41766,0.7239429,12
1745879.54589281,5428161.30923353,369,0.1,WNKS,1,269.67847,0.5950514,11,691.41766,0.7239429,12
1763891.7922499,5947911.82177112,800,0.5,ABAZ,3,782.0686,0.6023249,11,691.41766,0.7239429,12
1571672.43435129,5219521.4362217,800,0.5,AMCZ,3,782.0686,0.6023249,5,736.6329,0.65327823,12
1312188.33505129,4980996.60262272,1000,0.5,AXZ,3,1068.298,0.6903283,9,495.74252,0.7043546,12
1863412.13579004,5624444.88567775,800,0.5,BHHZ,3,782.0686,0.6023249,11,691.41766,0.7239429,12
1700920.72689288,5377377.77303932,800,0.5,CMWZ,3,782.0686,0.6023249,15,220.0589,0.4556925,12
1124883.7642752,4982914.86803473,1500,0.5,COHF,3,1068.298,0.6903283,255,NA,NA,12
1869646.336644,5466319.37819327,1000,0.5,CPWZ,3,782.0686,0.6023249,11,691.41766,0.7239429,12
1667376.58271786,5333850.48613707,1000,0.5,CRSZ,3,782.0686,0.6023249,11,691.41766,0.7239429,12
1151561.03923335,5012045.61119686,1500,0.5,ELDF,3,1068.298,0.6903283,2,730.71454,0.7424247,12
1771641.11337024,5908549.85879033,1000,0.5,ETAZ,3,782.0686,0.6023249,11,691.41766,0.7239429,12
1754273.17226851,5920355.81147164,800,0.5,HBAZ,3,782.0686,0.6023249,11,691.41766,0.7239429,12
1761789.04765109,5735640.29316182,800,0.5,HIZ,3,782.0686,0.6023249,5,736.6329,0.65327823,12
1751939.23198068,5923488.67647511,800,0.5,KAAZ,3,782.0686,0.6023249,7,769.95667,0.7053239,12
1894643.9452554,5630577.26329625,800,0.5,KWHZ,3,782.0686,0.6023249,12,502.12625,0.6824076,12
1769388.14005806,5929096.61500628,1000,0.5,MBAZ,3,782.0686,0.6023249,15,220.0589,0.4556925,12
1714444.05575427,5673951.04193784,1000,0.5,MHEZ,3,782.0686,0.6023249,15,220.0589,0.4556925,12
2024097.44483677,5654811.81926307,1000,0.1,MHGZ,1,782.0686,0.6023249,11,691.41766,0.7239429,12
1792041.78518857,5891390.53977447,800,0.2,MKAZ,2,782.0686,0.6023249,5,736.6329,0.65327823,12
1757230.32862793,5736718.9826654,800,0.2,MOZ,2,782.0686,0.6023249,5,736.6329,0.65327823,12
1929212.35136908,5665551.029884,800,0.5,NMHZ,3,782.0686,0.6023249,11,691.41766,0.7239429,12
2038626.90918955,5713758.49500746,1000,0.5,NOZ,3,782.0686,0.6023249,5,736.6329,0.65327823,12
1783037.04892007,5479325.41108842,1000,0.5,OGWZ,3,782.0686,0.6023249,11,691.41766,0.7239429,12
1771390.78367878,5909009.66590669,800,0.5,OTAZ,3,782.0686,0.6023249,7,769.95667,0.7053239,12
1654252.42313601,6102431.11246214,1000,0.5,OUZ,3,782.0686,0.6023249,11,691.41766,0.7239429,12
1834933.97260201,5525085.29404889,800,0.5,POWZ,3,782.0686,0.6023249,5,736.6329,0.65327823,12
2023421.34264764,5680461.59334035,1000,0.5,PRGZ,3,782.0686,0.6023249,11,691.41766,0.7239429,12
1985123.85312014,5729947.46009295,800,0.5,RAGZ,3,782.0686,0.6023249,11,691.41766,0.7239429,12
1954297.43831599,5684583.57944061,800,0.5,RAHZ,3,782.0686,0.6023249,5,736.6329,0.65327823,12
1127209.68196248,4969292.48868809,1500,0.5,SCLF,3,1068.298,0.6903283,7,769.95667,0.7053239,12
1141711.53604588,5002056.38391999,1500,0.5,TANF,3,1068.298,0.6903283,2,730.71454,0.7424247,12
1587580.6899856,6179072.60588744,1000,0.5,TIKO,3,782.0686,0.6023249,11,691.41766,0.7239429,12
1843523.82768873,5482096.42107586,1000,0.5,TIWZ,3,782.0686,0.6023249,11,691.41766,0.7239429,12
2036344.4235117,5762841.00842698,800,0.5,TWGZ,3,782.0686,0.6023249,11,691.41766,0.7239429,12
1790391.66285882,5925966.48018971,1000,0.5,WIAZ,3,782.0686,0.6023249,11,691.41766,0.7239429,12
1740120.50286215,5911468.41189707,1000,0.5,WTAZ,3,711.34503,0.91852474,11,691.41766,0.7239429,12
1757836.91276238,5919954.34258763,800,0.5,AKUS,3,782.0686,0.6023249,8,614.3239,0.71882683,12
1927505.06961579,5587875.30683845,800,0.5,CREC,3,782.0686,0.6023249,15,220.0589,0.4556925,12
1751943.27723281,5923486.48760595,1000,0.5,KAPS,3,782.0686,0.6023249,7,769.95667,0.7053239,12
1911942.7155053,5626091.94282664,1000,0.5,KONC,3,782.0686,0.6023249,11,691.41766,0.7239429,12
1955644.75564564,5678083.04184553,800,0.5,LPIH,3,782.0686,0.6023249,13,255.27419,0.65902555,12
1825314.37024874,5628628.83526906,800,0.5,LWON,3,782.0686,0.6023249,15,220.0589,0.4556925,12
1753813.44326068,5916456.51695634,584,0.5,MAGS,3,782.0686,0.6023249,14,302.07278,0.53168344,12
1131613.79869424,4983405.33751211,1500,0.5,MTNF,3,1068.298,0.6903283,3,934.96515,0.6438865,12
1196775.67931099,4860753.94543273,1000,0.5,ORPS,3,782.0686,0.6023249,11,691.41766,0.7239429,12
1951843.82490468,5691225.76015247,1000,0.5,PAHZ,3,782.0686,0.6023249,11,691.41766,0.7239429,12
1125501.25907872,4969698.08110964,1500,0.5,SCTS,3,1068.298,0.6903283,4,1023.52203,0.707888,12
1960232.11284346,5693952.51838329,800,0.5,TAPC,3,782.0686,0.6023249,6,491.11566,0.68166685,12
1582682.76965114,5326335.46096701,800,0.5,TENS,3,782.0686,0.6023249,11,691.41766,0.7239429,12
1141764.50122145,5001992.46872406,1500,0.5,TLBF,3,1068.298,0.6903283,2,730.71454,0.7424247,12
1960258.61678688,5693951.31271926,800,0.5,TUIC,3,782.0686,0.6023249,6,491.11566,0.68166685,12
1669591.43775701,5393652.98328208,1000,0.5,CSSR,3,782.0686,0.6023249,11,691.41766,0.7239429,12
1634266.77547877,5343423.40495086,1000,0.5,SM1F,3,782.0686,0.6023249,11,691.41766,0.7239429,12
1294402.9247768,5043728.68855475,326,0.5,089A,3,398.11197,0.53134197,10,361.86108,0.53872114,11
1294392.89087159,5043735.85746378,330,0.5,WNPS,3,398.11197,0.53134197,9,495.74252,0.7043546,11
1573082.18330396,5196278.56204492,210.64896,0.200000002980232,NA,NA,260.63278,0.5950514,15,220.0589,0.4556925,10
1623714.86480283,5431110.69921557,335,0.5,046A,3,261.68674,0.5950514,16,218.11823,0.39540365,10
1780138.19466134,5449779.62888258,506,0.5,123A,3,269.4984,0.5950514,11,691.41766,0.7239429,10
1600994.17096339,5449011.73913093,210,0.5,257A,3,258.3832,0.5950514,16,218.11823,0.39540365,10
1763856.72842675,5436556.79101321,600,0.5,465A,3,269.76874,0.5950514,10,361.86108,0.53872114,10
1763856.72842675,5436556.79101321,600,0.5,465B,3,269.76874,0.5950514,10,361.86108,0.53872114,10
1763894.04650739,5437077.98701552,190,0.1,468A,1,266.16132,0.5950514,16,218.11823,0.39540365,10
1761681.55187893,5438327.37140148,800,0.5,602C,3,274.13568,0.5950514,9,495.74252,0.7043546,10
1755902.42499607,5434739.40803771,800,0.5,603B,3,275,0.5950514,9,495.74252,0.7043546,10
1761252.04732196,5436737.33232419,330,0.2,651A,2,261.68674,0.5950514,15,220.0589,0.4556925,10
1755320.27424381,5444185.58429601,570,0.5,705B,3,269.28812,0.5950514,11,691.41766,0.7239429,10
1755277.30969233,5444153.44894031,570,0.5,707A,3,269.28812,0.5950514,9,495.74252,0.7043546,10
1610744.01727391,5418024.5687571,500,0.5,BTWS,3,264.69595,0.5950514,14,302.07278,0.53168344,10
1763856.72842675,5436556.79101321,300,0.5,DAVS,3,269.76874,0.5950514,10,361.86108,0.53872114,10
1770864.98748566,5443714.86563233,500,0.5,HIBS,3,262.07254,0.5950514,15,220.0589,0.4556925,10
1761531.51462303,5436698.51826093,330,0.2,LNBS,2,260.8229,0.5950514,14,302.07278,0.53168344,10
1759597.72162893,5434025.08085591,256,0.1,LRSS,1,254.2112,0.5950514,15,220.0589,0.4556925,10
1197850.11019564,5040802.28654351,1500,0.5,MSZ,3,272.6435,0.5950514,255,NA,NA,10
1197780.18275562,5040833.23026981,600,0.5,MSZS,3,272.6435,0.5950514,255,NA,NA,10
1763814.32761846,5436948.42262935,190,0.1,NBSS,1,266.16132,0.5950514,14,302.07278,0.53168344,10
1755929.78229593,5434821.86925801,450,0.5,PTOS,3,275,0.5950514,5,736.6329,0.65327823,10
1303936.99727178,4839051.28634974,800,0.5,SYZ,3,271.52866,0.5950514,9,495.74252,0.7043546,10
1763954.66498335,5439376.20044904,510,0.1,TAIS,1,261.25446,0.5950514,15,220.0589,0.4556925,10
1775111.2470725,5447500.18351541,500,0.5,TOTS,3,273.66135,0.5950514,14,302.07278,0.53168344,10
1771321.66525775,5445157.62266797,390,0.1,UHCS,1,262.19586,0.5950514,15,220.0589,0.4556925,10
1773350.53372381,5445158.09407148,481,0.1,UHSS,1,262.807,0.5950514,14,302.07278,0.53168344,10
1569576.63684976,5175288.98086981,900,0.2,CRLZ,2,405.4836,0.5624408,7,769.95667,0.7053239,8
1576539.76302159,5174756.42508602,348,0.1,HVSC,1,405.4836,0.5624408,6,491.11566,0.68166685,8
1578407.00292057,5177189.85616156,433,0.5,RCBS,3,405.4836,0.5624408,7,769.95667,0.7053239,8
1571374.74890764,5175474.52581289,233.53943,0.200000002980232,NA,NA,387.9002,0.68287367,5,736.6329,0.65327823,7
1568008.95227042,5172784.91892009,166.75334,0.200000002980232,NA,NA,387.9002,0.68287367,9,495.74252,0.7043546,7
1567984.96250238,5172768.92388714,169.70062,0.200000002980232,NA,NA,387.9002,0.68287367,6,491.11566,0.68166685,7
1785647.90645369,5394870.85042552,511,0.5,040A,3,387.9002,0.68287367,5,736.6329,0.65327823,7
1483084.96425151,5243927.93336742,300,0.2,505A,2,275,0.5950514,10,361.86108,0.53872114,7
1597063.21836957,5149128.0533431,435,0.1,AKSS,1,387.9002,0.68287367,9,495.74252,0.7043546,7
1483160.84234804,5243859.30855798,300,0.2,APPS,2,275,0.5950514,14,302.07278,0.53168344,7
1407021.2675535,4918216.76303955,600,0.5,DGNS,3,387.9002,0.68287367,13,255.27419,0.65902555,7
1426205.68126112,5114877.39373626,301,0.5,FDCS,3,387.9002,0.68287367,16,218.11823,0.39540365,7
1621287.90142625,5340418.42971767,600,0.5,MOLS,3,387.9002,0.68287367,5,736.6329,0.65327823,7
1786202.74720221,5393437.51718279,600,0.5,NWFS,3,387.9002,0.68287367,6,491.11566,0.68166685,7
1762053.43964359,5431795.01635884,190,0.2,PRKS,2,387.9002,0.68287367,13,255.27419,0.65902555,7
1112189.73785137,4868036.58773424,1000,0.5,PYZ,3,1068.298,0.6903283,3,934.96515,0.6438865,7
1443222.87077129,5157983.92249117,1000,0.5,RPZ,3,387.9002,0.68287367,6,491.11566,0.68166685,7
1299479.10019963,5153011.48102287,800,0.5,LMZ,3,387.9002,0.68287367,10,361.86108,0.53872114,7
1576480.11040564,5207643.26943023,224.85387,0.200000002980232,NA,NA,211.89963,0.39401674,16,218.11823,0.39540365,6
1577001.15247628,5207261.89818414,205.06209,0.200000002980232,NA,NA,217.67502,0.39401674,16,218.11823,0.39540365,6
1576829.95183842,5206767.58601935,220.53214,0.200000002980232,NA,NA,217.4745,0.39401674,16,218.11823,0.39540365,6
1575746.55678221,5204782.3478861,199.89568,0.200000002980232,NA,NA,210.48042,0.39401674,16,218.11823,0.39540365,6
1575661.82952855,5204392.99453929,200.48517,0.200000002980232,NA,NA,216.96404,0.39401674,16,218.11823,0.39540365,6
1575674.57452298,5204383.99762161,213.54175,0.200000002980232,NA,NA,216.96404,0.39401674,16,218.11823,0.39540365,6
1572807.56788589,5199632.3114869,209.11757,0.200000002980232,NA,NA,204.76987,0.39401674,16,218.11823,0.39540365,6
1572831.55620767,5199410.3937683,209.66026,0.200000002980232,NA,NA,209.68175,0.39401674,16,218.11823,0.39540365,6
1573134.67501028,5197781.49868573,257.55875,0.200000002980232,NA,NA,210.48042,0.39401674,16,218.11823,0.39540365,6
1575941.35304666,5197323.64861003,171.97668,0.200000002980232,NA,NA,218.65604,0.39401674,15,220.0589,0.4556925,6
1572222.75878041,5196403.01922541,198.33429,0.200000002980232,NA,NA,199.03853,0.39401674,16,218.11823,0.39540365,6
1575952.33837684,5196255.05454664,190.76573,0.200000002980232,NA,NA,222.3834,0.39401674,15,220.0589,0.4556925,6
1572382.19356441,5195365.90680025,203.12097,0.200000002980232,NA,NA,205.87247,0.39401674,15,220.0589,0.4556925,6
1575799.88768546,5195019.02579739,191.10437,0.200000002980232,NA,NA,239,0.39401674,16,218.11823,0.39540365,6
1571678.95922467,5194348.78893774,208.12808,0.200000002980232,NA,NA,193.04825,0.39401674,15,220.0589,0.4556925,6
1573109.91697211,5194207.84167677,202.41681,0.200000002980232,NA,NA,239,0.39401674,255,NA,NA,6
1575213.11229907,5193959.43309793,202.04822,0.200000002980232,NA,NA,196.98706,0.39401674,16,218.11823,0.39540365,6
1575798.88669961,5194407.75986063,191.348,0.200000002980232,NA,NA,205.21468,0.39401674,255,NA,NA,6
1575125.89674475,5193273.695843,206.28706,0.200000002980232,NA,NA,200.01996,0.39401674,15,220.0589,0.4556925,6
1571999.59983427,5192071.64682062,201.30276,0.200000002980232,NA,NA,209.9461,0.39401674,16,218.11823,0.39540365,6
1574928.97750799,5191863.23685137,202.56708,0.200000002980232,NA,NA,204.10103,0.39401674,16,218.11823,0.39540365,6
1571699.47066477,5191281.94346327,202.18306,0.200000002980232,NA,NA,208.44548,0.39401674,15,220.0589,0.4556925,6
1573928.87075174,5190752.65882923,196.89986,0.200000002980232,NA,NA,212.26068,0.39401674,16,218.11823,0.39540365,6
1575838.37760831,5191316.95003181,194.12605,0.200000002980232,NA,NA,215.16214,0.39401674,16,218.11823,0.39540365,6
1573939.86668231,5190731.16712765,196.2542,0.200000002980232,NA,NA,212.26068,0.39401674,16,218.11823,0.39540365,6
1575340.82356466,5190857.12566627,185.89134,0.200000002980232,NA,NA,222.65976,0.39401674,15,220.0589,0.4556925,6
1572996.01049088,5188087.17245111,208.86227,0.200000002980232,NA,NA,208.91597,0.39401674,15,220.0589,0.4556925,6
1576067.32953334,5186775.21955448,197.7501,0.200000002980232,NA,NA,211.1638,0.39401674,15,220.0589,0.4556925,6
1572998.03994185,5186200.89812452,206.71942,0.200000002980232,NA,NA,196.98706,0.39401674,16,218.11823,0.39540365,6
1575071.97910336,5186235.41671087,182.8317,0.200000002980232,NA,NA,208.65291,0.39401674,16,218.11823,0.39540365,6
1576021.85475306,5186255.92239119,180.39212,0.200000002980232,NA,NA,193.04825,0.39401674,15,220.0589,0.4556925,6
1576885.51260805,5186274.42802013,210.05858,0.200000002980232,NA,NA,211.6548,0.39401674,15,220.0589,0.4556925,6
1573159.99162169,5185410.2063044,203.47551,0.200000002980232,NA,NA,208.97949,0.39401674,16,218.11823,0.39540365,6
1576013.12455676,5185205.83458004,192.99062,0.200000002980232,NA,NA,210.43427,0.39401674,16,218.11823,0.39540365,6
1577006.98226564,5185051.91236312,207.14272,0.200000002980232,NA,NA,211.1638,0.39401674,15,220.0589,0.4556925,6
1577619.73293732,5185383.2910925,196.05266,0.200000002980232,NA,NA,239,0.39401674,255,NA,NA,6
1573013.06653695,5184542.039546,224.1679,0.200000002980232,NA,NA,196.98706,0.39401674,15,220.0589,0.4556925,6
1575032.53017505,5184219.70446959,188.69041,0.200000002980232,NA,NA,209.40173,0.39401674,15,220.0589,0.4556925,6
1576173.57694758,5184284.70033359,185.18176,0.200000002980232,NA,NA,210.48042,0.39401674,15,220.0589,0.4556925,6
1577086.96322769,5184274.22165931,198.97255,0.200000002980232,NA,NA,190.12105,0.39401674,15,220.0589,0.4556925,6
1577648.48271213,5184641.58581342,205.02011,0.200000002980232,NA,NA,196.98706,0.39401674,15,220.0589,0.4556925,6
1577035.50318442,5183235.6326235,185.68855,0.200000002980232,NA,NA,205.87247,0.39401674,15,220.0589,0.4556925,6
1578143.06515686,5182889.79281413,200.6321,0.200000002980232,NA,NA,239,0.39401674,15,220.0589,0.4556925,6
1576047.41959223,5182247.50260057,190.12892,0.200000002980232,NA,NA,202.10301,0.39401674,15,220.0589,0.4556925,6
1578147.57642959,5182239.55297882,194.35391,0.200000002980232,NA,NA,201.18008,0.39401674,15,220.0589,0.4556925,6
1578442.71153381,5182030.14321314,206.63222,0.200000002980232,NA,NA,239,0.39401674,255,NA,NA,6
1573142.09519133,5181330.79164351,166.53557,0.200000002980232,NA,NA,202.10301,0.39401674,16,218.11823,0.39540365,6
1575046.84428622,5181200.89246211,192.20518,0.200000002980232,NA,NA,204.76987,0.39401674,15,220.0589,0.4556925,6
1576113.16189217,5181466.31393825,192.2851,0.200000002980232,NA,NA,204.27756,0.39401674,15,220.0589,0.4556925,6
1578765.10694688,5180836.13065114,199.13791,0.200000002980232,NA,NA,239,0.39401674,15,220.0589,0.4556925,6
1575376.74080206,5180163.31191265,183.86073,0.200000002980232,NA,NA,199.55595,0.39401674,15,220.0589,0.4556925,6
1575958.51295242,5179973.9032388,184.41458,0.200000002980232,NA,NA,205.4891,0.39401674,15,220.0589,0.4556925,6
1578308.29668247,5180655.19257825,202.84523,0.200000002980232,NA,NA,239,0.39401674,16,218.11823,0.39540365,6
1578886.08045109,5179880.01971725,180.0788,0.200000002980232,NA,NA,215.79422,0.39401674,15,220.0589,0.4556925,6
1573030.95171295,5179256.10103775,173.71118,0.200000002980232,NA,NA,183,0.39401674,15,220.0589,0.4556925,6
1575916.54899397,5179300.67038462,178.21489,0.200000002980232,NA,NA,200.01996,0.39401674,16,218.11823,0.39540365,6
1579113.2534492,5179254.2790824,197.86664,0.200000002980232,NA,NA,239,0.39401674,255,NA,NA,6
1579343.42882523,5178507.58873203,196.91728,0.200000002980232,NA,NA,239,0.39401674,255,NA,NA,6
1578566.03092007,5177344.53913981,184.4749,0.200000002980232,NA,NA,239,0.39401674,11,691.41766,0.7239429,6
1578854.16487972,5177271.5777561,174.67438,0.200000002980232,NA,NA,239,0.39401674,255,NA,NA,6
1579021.11092044,5176789.27970252,174.46432,0.200000002980232,NA,NA,239,0.39401674,255,NA,NA,6
1577786.16740738,5180826.65376973,189.75,0.2,S New Brighton Bridge,2,239,0.39401674,255,NA,NA,6
1572389.7463268,5196595.92787898,205,0.2,SW KAN 05,2,202.6284,0.39401674,16,218.11823,0.39540365,6
1572205.85078832,5196831.57152056,197,0.2,SW KAN 26,2,202.10301,0.39401674,15,220.0589,0.4556925,6
1576478.58008841,5184500.83672546,202,0.2,QEII Park,2,205.4891,0.39401674,16,218.11823,0.39540365,6
1578520.07342995,5179986.3797679,184,0.2,South New Brighton Park,2,239,0.39401674,16,218.11823,0.39540365,6
2037085.67154813,5708273.14800374,162,0.1,017A,1,213.60303,0.39401674,16,218.11823,0.39540365,6
2037290.41795092,5708507.08922082,138,0.2,018A,2,199.03853,0.39401674,15,220.0589,0.4556925,6
1709359.83017754,5617533.1717603,210,0.2,025A,2,439.86578,0.702906,16,218.11823,0.39540365,6
1937056.97946819,5621669.22788468,268,0.5,027F,3,239,0.39401674,10,361.86108,0.53872114,6
1937056.97946819,5621669.22788468,268,0.5,027G,3,239,0.39401674,10,361.86108,0.53872114,6
1433314.0951316,5268511.73233864,278,0.5,057A,3,782.0686,0.6023249,16,218.11823,0.39540365,6
2003322.98076072,5798299.04140041,522,0.5,113A,3,439.86578,0.702906,6,491.11566,0.68166685,6
1806928.45466471,5549379.88053812,387,0.5,114A,3,439.86578,0.702906,15,220.0589,0.4556925,6
1760658.41198629,5433384.82110907,350,0.2,249A,2,239,0.39401674,6,491.11566,0.68166685,6
1656124.26545688,5304751.20752044,500,0.5,270A,3,231.20462,0.39401674,9,495.74252,0.7043546,6
1433313.82955067,5268522.74636518,278,0.5,272A,3,782.0686,0.6023249,16,218.11823,0.39540365,6
1756891.37066074,5434433.01929472,161,0.5,601A,3,239,0.39401674,255,NA,NA,6
1757524.63406549,5434663.83432328,200,0.2,608A,2,190.12105,0.39401674,16,218.11823,0.39540365,6
1760666.08487152,5433384.65181931,350,0.1,642A,1,239,0.39401674,6,491.11566,0.68166685,6
1760736.0682224,5433483.10595259,350,0.1,642E,1,239,0.39401674,6,491.11566,0.68166685,6
1760668.65184451,5433385.01890403,350,0.1,642G,1,239,0.39401674,6,491.11566,0.68166685,6
1760666.08487152,5433384.65181931,350,0.1,642H,1,239,0.39401674,6,491.11566,0.68166685,6
1757808.76725217,5435257.23878162,189,0.5,644C,3,229.62808,0.39401674,13,255.27419,0.65902555,6
1754355.58556184,5445039.43771462,275,0.5,708A,3,239,0.39401674,14,302.07278,0.53168344,6
1751345.96707716,5423443.07442533,239,0.2,912A,2,212.684,0.39401674,15,220.0589,0.4556925,6
1936878.57231577,5621710.09748495,429,0.5,926A,3,234.15837,0.39401674,7,769.95667,0.7053239,6
1759873.98790758,5432446.59546773,180,0.1,934B,1,228.85172,0.39401674,15,220.0589,0.4556925,6
1406150.22067634,4916880.37739934,600,0.5,DCDS,3,1068.298,0.6903283,12,502.12625,0.6824076,6
1403813.5278821,4913379.29385986,500,0.2,DUNS,2,1068.298,0.6903283,7,769.95667,0.7053239,6
1759115.62319914,5427371.36056324,540,0.2,EBPS,2,239,0.39401674,1,791.7739,0.6686169,6
2037080.17362884,5708245.82928689,162,0.1,GISS,1,212.88242,0.39401674,16,218.11823,0.39540365,6
1433282.97716366,5268609.74194831,278,0.5,HMCS,3,782.0686,0.6023249,16,218.11823,0.39540365,6
1709426.3604598,5617511.0556131,210,0.2,HWHS,2,439.86578,0.702906,16,218.11823,0.39540365,6
1656114.22585807,5302719.2673354,800,0.5,KIKS,3,239,0.39401674,16,218.11823,0.39540365,6
1758704.1688964,5433887.40745164,212,0.1,LHUS,1,239,0.39401674,16,218.11823,0.39540365,6
1760851.67644774,5433677.58443528,400,0.5,LIRS,3,238.9501,0.39401674,10,361.86108,0.53872114,6
1752206.39835681,5424691.53796313,274,0.1,MISS,1,222.52544,0.39401674,13,255.27419,0.65902555,6
1578283.92967982,5182861.84160154,189,0.1,NBLC,1,239,0.39401674,255,NA,NA,6
1785737.13955774,5395072.83377425,800,0.5,NMPS,3,239,0.39401674,2,730.71454,0.7424247,6
1577200.36122654,5184127.95976511,204,0.1,NNBS,1,202.10301,0.39401674,15,220.0589,0.4556925,6
1936784.14675469,5621565.26159221,600,0.5,NSPS,3,234.15837,0.39401674,6,491.11566,0.68166685,6
1413603.71883911,4915994.89806367,1500,0.5,OPZ,3,1068.298,0.6903283,4,1023.52203,0.707888,6
1757530.02175166,5434617.1094377,200,0.2,PGMS,2,190.12105,0.39401674,16,218.11823,0.39540365,6
1754366.85360972,5445026.91254624,275,0.5,POLS,3,239,0.39401674,14,302.07278,0.53168344,6
1757066.44314386,5434600.42574321,190,0.2,PVCS,2,239,0.39401674,16,218.11823,0.39540365,6
1753785.98822683,5423374.41751353,305,0.1,SEAS,1,239,0.39401674,255,NA,NA,6
1774991.46044167,5577600.11720823,250,0.5,WCDS,3,405.4836,0.5624408,15,220.0589,0.4556925,6
1751392.94301524,5423428.96002312,229,0.1,WNAS,1,212.684,0.39401674,15,220.0589,0.4556925,6
1413603.71883911,4915994.89806367,1500,0.5,HHSZ,3,1068.298,0.6903283,4,1023.52203,0.707888,6
1935265.31186779,5621691.48557128,440,0.2,015A,2,272.22363,0.5950514,11,691.41766,0.7239429,5
1258372.05744665,5004375.5131191,354,0.5,940A,3,235.79393,0.39401674,10,361.86108,0.53872114,5
1936720.72964377,5621981.7624788,440,0.2,NGHS,2,271.35132,0.5950514,9,495.74252,0.7043546,5
1886806.90617661,5745790.79757617,800,0.5,HRRZ,3,408.024,0.6333282,5,736.6329,0.65327823,5
1573315.25142704,5206270.3514768,164.72166,0.200000002980232,NA,NA,196.45905,0.28294012,16,218.11823,0.39540365,4
1573808.0613481,5206002.93866306,151.65314,0.200000002980232,NA,NA,196.45905,0.28294012,15,220.0589,0.4556925,4
1570917.60632844,5204945.38420422,185.5686,0.200000002980232,NA,NA,196.45905,0.28294012,16,218.11823,0.39540365,4
1574075.70638379,5205783.01372625,160.4534,0.200000002980232,NA,NA,196.45905,0.28294012,16,218.11823,0.39540365,4
1569631.06817741,5204438.09052374,200.34004,0.200000002980232,NA,NA,196.45905,0.28294012,16,218.11823,0.39540365,4
1572931.09190099,5203959.70859567,151.51978,0.200000002980232,NA,NA,196.45905,0.28294012,16,218.11823,0.39540365,4
1573064.51617869,5202589.7117941,180.70317,0.200000002980232,NA,NA,196.45905,0.28294012,15,220.0589,0.4556925,4
1573065.26568534,5202577.71621646,170.5126,0.200000002980232,NA,NA,196.45905,0.28294012,15,220.0589,0.4556925,4
1574198.08035335,5201955.92897979,184.84479,0.200000002980232,NA,NA,196.45905,0.28294012,16,218.11823,0.39540365,4
1574489.73267584,5202607.18184523,217.80423,0.200000002980232,NA,NA,196.45905,0.28294012,16,218.11823,0.39540365,4
1573821.4422439,5200062.1399689,214.86989,0.200000002980232,NA,NA,196.45905,0.28294012,16,218.11823,0.39540365,4
1575568.50315952,5197986.40043208,196.16525,0.200000002980232,NA,NA,196.45905,0.28294012,15,220.0589,0.4556925,4
1575589.49510989,5197983.40135616,194.31044,0.200000002980232,NA,NA,196.45905,0.28294012,15,220.0589,0.4556925,4
1570248.00448686,5197391.16048257,259.79944,0.200000002980232,NA,NA,196.45905,0.28294012,16,218.11823,0.39540365,4
1571033.70784697,5196821.86801258,205.715,0.200000002980232,NA,NA,196.45905,0.28294012,15,220.0589,0.4556925,4
1571930.37209388,5196932.32305823,208.89049,0.200000002980232,NA,NA,196.45905,0.28294012,15,220.0589,0.4556925,4
1572871.01874898,5197086.2605174,223.61743,0.200000002980232,NA,NA,196.45905,0.28294012,15,220.0589,0.4556925,4
1573521.27114808,5196876.33527174,237.6489,0.200000002980232,NA,NA,196.45905,0.28294012,16,218.11823,0.39540365,4
1570087.56033654,5196623.94436935,210.73853,0.200000002980232,NA,NA,196.45905,0.28294012,16,218.11823,0.39540365,4
1571259.86949508,5196098.13619437,206.80559,0.200000002980232,NA,NA,196.45905,0.28294012,15,220.0589,0.4556925,4
1573543.50824303,5196255.06862856,206.35316,0.200000002980232,NA,NA,196.45905,0.28294012,16,218.11823,0.39540365,4
1571041.94896279,5195445.37958975,181.46552,0.200000002980232,NA,NA,196.45905,0.28294012,15,220.0589,0.4556925,4
1572561.87564685,5195382.40017096,201.25429,0.200000002980232,NA,NA,196.45905,0.28294012,16,218.11823,0.39540365,4
1575164.38116768,5194760.62694815,187.72246,0.200000002980232,NA,NA,196.45905,0.28294012,16,218.11823,0.39540365,4
1571186.8948365,5194362.28365005,175.90121,0.200000002980232,NA,NA,196.45905,0.28294012,16,218.11823,0.39540365,4
1568031.08461574,5193092.74403889,207.06543,0.200000002980232,NA,NA,196.45905,0.28294012,16,218.11823,0.39540365,4
1571417.06230232,5193411.14033402,173.32773,0.200000002980232,NA,NA,196.45905,0.28294012,15,220.0589,0.4556925,4
1571499.28101947,5193445.62758653,169.8508,0.200000002980232,NA,NA,196.45905,0.28294012,15,220.0589,0.4556925,4
1571385.0946585,5190844.10654057,175.74136,0.200000002980232,NA,NA,196.45905,0.28294012,16,218.11823,0.39540365,4
1575132.65160172,5191308.95065923,192.2823,0.200000002980232,NA,NA,196.45905,0.28294012,16,218.11823,0.39540365,4
1570375.99146332,5189748.01009937,165.94211,0.200000002980232,NA,NA,196.45905,0.28294012,15,220.0589,0.4556925,4
1571326.1204479,5190533.22347003,180.81415,0.200000002980232,NA,NA,196.45905,0.28294012,16,218.11823,0.39540365,4
1571444.07532417,5190550.21806605,182.28604,0.200000002980232,NA,NA,196.45905,0.28294012,16,218.11823,0.39540365,4
1572971.7448771,5190141.38601077,194.40909,0.200000002980232,NA,NA,196.45905,0.28294012,16,218.11823,0.39540365,4
1568555.44028588,5189079.23734078,171.52542,0.200000002980232,NA,NA,196.45905,0.28294012,16,218.11823,0.39540365,4
1569010.26555243,5189275.17052507,166.34781,0.200000002980232,NA,NA,196.45905,0.28294012,16,218.11823,0.39540365,4
1570292.53131835,5189173.22559574,137.34744,0.200000002980232,NA,NA,196.45905,0.28294012,15,220.0589,0.4556925,4
1570974.2677446,5189457.62642553,193.96523,0.200000002980232,NA,NA,196.45905,0.28294012,16,218.11823,0.39540365,4
1571674.5063991,5188997.8087803,176.41928,0.200000002980232,NA,NA,196.45905,0.28294012,16,218.11823,0.39540365,4
1573028.47769218,5189701.55449104,211.08961,0.200000002980232,NA,NA,196.45905,0.28294012,15,220.0589,0.4556925,4
1568397.27104734,5187903.67390393,196.15175,0.200000002980232,NA,NA,196.45905,0.28294012,16,218.11823,0.39540365,4
1569240.69478446,5188294.54126711,180.34431,0.200000002980232,NA,NA,196.45905,0.28294012,16,218.11823,0.39540365,4
1569440.62105326,5188176.08887276,169.80043,0.200000002980232,NA,NA,196.45905,0.28294012,16,218.11823,0.39540365,4
1571136.96717445,5188646.93533929,169.24567,0.200000002980232,NA,NA,196.45905,0.28294012,15,220.0589,0.4556925,4
1571955.15797663,5188346.56010327,224.0926,0.200000002980232,NA,NA,196.45905,0.28294012,16,218.11823,0.39540365,4
1568529.24272053,5186835.57632976,188.72357,0.200000002980232,NA,NA,196.45905,0.28294012,15,220.0589,0.4556925,4
1568933.33754393,5186925.55026745,180.70593,0.200000002980232,NA,NA,196.45905,0.28294012,16,218.11823,0.39540365,4
1570437.00377166,5187492.86249703,164.42683,0.200000002980232,NA,NA,196.45905,0.28294012,16,218.11823,0.39540365,4
1571122.74469133,5187294.94863115,153.5902,0.200000002980232,NA,NA,196.45905,0.28294012,16,218.11823,0.39540365,4
1571986.15906048,5187509.38006881,212.03627,0.200000002980232,NA,NA,196.45905,0.28294012,16,218.11823,0.39540365,4
1566217.38545127,5185871.89315746,193.12628,0.200000002980232,NA,NA,196.45905,0.28294012,16,218.11823,0.39540365,4
1566699.95508426,5185855.90802792,180.80817,0.200000002980232,NA,NA,196.45905,0.28294012,15,220.0589,0.4556925,4
1568246.11607281,5186110.84247575,196.24046,0.200000002980232,NA,NA,196.45905,0.28294012,16,218.11823,0.39540365,4
1568876.87400176,5186224.31299276,167.61502,0.200000002980232,NA,NA,196.45905,0.28294012,15,220.0589,0.4556925,4
1570057.91945769,5186415.76391333,200.342,0.200000002980232,NA,NA,196.45905,0.28294012,16,218.11823,0.39540365,4
1565528.15554782,5185394.0563309,199.78098,0.200000002980232,NA,NA,196.45905,0.28294012,16,218.11823,0.39540365,4
1566147.17555442,5185342.08815832,209.0795,0.200000002980232,NA,NA,196.45905,0.28294012,16,218.11823,0.39540365,4
1566967.36698081,5185370.59373763,185.62395,0.200000002980232,NA,NA,196.45905,0.28294012,15,220.0589,0.4556925,4
1568315.84736534,5185778.46877341,174.33195,0.200000002980232,NA,NA,196.45905,0.28294012,15,220.0589,0.4556925,4
1569333.73008489,5184918.31611206,160.8721,0.200000002980232,NA,NA,196.45905,0.28294012,15,220.0589,0.4556925,4
1570052.94228357,5185444.13246974,174.48625,0.200000002980232,NA,NA,196.45905,0.28294012,15,220.0589,0.4556925,4
1566939.15755335,5184260.00778285,176.61682,0.200000002980232,NA,NA,196.45905,0.28294012,16,218.11823,0.39540365,4
1567996.25883745,5184203.05361379,163.80719,0.200000002980232,NA,NA,196.45905,0.28294012,16,218.11823,0.39540365,4
1570180.42987527,5183919.71582871,184.84416,0.200000002980232,NA,NA,196.45905,0.28294012,15,220.0589,0.4556925,4
1571049.09768875,5183785.28818578,175.94011,0.200000002980232,NA,NA,196.45905,0.28294012,15,220.0589,0.4556925,4
1572402.81122034,5184236.14519597,212.24277,0.200000002980232,NA,NA,196.45905,0.28294012,15,220.0589,0.4556925,4
1573882.49041898,5183868.81897084,186.20279,0.200000002980232,NA,NA,196.45905,0.28294012,15,220.0589,0.4556925,4
1563017.65410489,5183242.78463948,205.54071,0.200000002980232,NA,NA,196.45905,0.28294012,16,218.11823,0.39540365,4
1567063.90543111,5182738.58109441,217.57079,0.200000002980232,NA,NA,196.45905,0.28294012,16,218.11823,0.39540365,4
1568056.76552197,5183149.95236331,189.98212,0.200000002980232,NA,NA,196.45905,0.28294012,16,218.11823,0.39540365,4
1569038.38602831,5183284.42842322,175.0102,0.200000002980232,NA,NA,196.45905,0.28294012,16,218.11823,0.39540365,4
1569931.29208196,5183305.94381155,175.46123,0.200000002980232,NA,NA,196.45905,0.28294012,15,220.0589,0.4556925,4
1571127.07969992,5183305.97411504,181.4351,0.200000002980232,NA,NA,196.45905,0.28294012,15,220.0589,0.4556925,4
1572011.23715034,5183257.51432634,179.6756,0.200000002980232,NA,NA,196.45905,0.28294012,16,218.11823,0.39540365,4
1572950.11203998,5183603.90194586,198.22249,0.200000002980232,NA,NA,196.45905,0.28294012,16,218.11823,0.39540365,4
1573932.9843191,5183259.55770642,179.88855,0.200000002980232,NA,NA,196.45905,0.28294012,15,220.0589,0.4556925,4
1575099.27443084,5183231.59363784,168.28813,0.200000002980232,NA,NA,196.45905,0.28294012,15,220.0589,0.4556925,4
1576051.3946251,5183311.581922,197.12643,0.200000002980232,NA,NA,196.45905,0.28294012,15,220.0589,0.4556925,4
1563146.88156839,5182508.05733023,225.3846,0.200000002980232,NA,NA,196.45905,0.28294012,16,218.11823,0.39540365,4
1565315.08623704,5182099.77210126,196.90247,0.200000002980232,NA,NA,196.45905,0.28294012,16,218.11823,0.39540365,4
1566241.98329215,5182210.75702059,194.0663,0.200000002980232,NA,NA,196.45905,0.28294012,16,218.11823,0.39540365,4
1566951.70919042,5182382.21208551,234.88411,0.200000002980232,NA,NA,196.45905,0.28294012,15,220.0589,0.4556925,4
1568237.22940274,5182066.3677011,209.39555,0.200000002980232,NA,NA,196.45905,0.28294012,15,220.0589,0.4556925,4
1569000.43162594,5182222.33118586,175.15967,0.200000002980232,NA,NA,196.45905,0.28294012,16,218.11823,0.39540365,4
1570017.29647337,5181985.95096478,181.90968,0.200000002980232,NA,NA,196.45905,0.28294012,15,220.0589,0.4556925,4
1572072.2392423,5182267.89866531,193.92052,0.200000002980232,NA,NA,196.45905,0.28294012,16,218.11823,0.39540365,4
1573052.35524234,5182263.92526293,194.36453,0.200000002980232,NA,NA,196.45905,0.28294012,16,218.11823,0.39540365,4
1574117.93737055,5182185.98192252,174.83815,0.200000002980232,NA,NA,196.45905,0.28294012,15,220.0589,0.4556925,4
1575020.82887153,5182222.48889074,186.09575,0.200000002980232,NA,NA,196.45905,0.28294012,15,220.0589,0.4556925,4
1566237.77049017,5181166.64825746,205.02385,0.200000002980232,NA,NA,196.45905,0.28294012,16,218.11823,0.39540365,4
1567040.96807548,5181096.69874915,209.74026,0.200000002980232,NA,NA,196.45905,0.28294012,15,220.0589,0.4556925,4
1568019.08926707,5181255.16856808,201.10071,0.200000002980232,NA,NA,196.45905,0.28294012,16,218.11823,0.39540365,4
1569094.92673731,5181216.71750004,212.45985,0.200000002980232,NA,NA,196.45905,0.28294012,15,220.0589,0.4556925,4
1570023.31896059,5181176.26174174,178.22583,0.200000002980232,NA,NA,196.45905,0.28294012,16,218.11823,0.39540365,4
1572099.00470182,5181344.75748828,184.15288,0.200000002980232,NA,NA,196.45905,0.28294012,15,220.0589,0.4556925,4
1574013.50155621,5181311.3224175,193.4582,0.200000002980232,NA,NA,196.45905,0.28294012,15,220.0589,0.4556925,4
1577963.42328221,5181214.95939829,177.975,0.200000002980232,NA,NA,NA,NA,255,NA,NA,4
1565352.64429299,5180105.01768912,167.33095,0.200000002980232,NA,NA,196.45905,0.28294012,16,218.11823,0.39540365,4
1566417.9724559,5180598.86722699,177.344,0.200000002980232,NA,NA,196.45905,0.28294012,16,218.11823,0.39540365,4
1567358.87995901,5180163.06162539,183.57124,0.200000002980232,NA,NA,196.45905,0.28294012,15,220.0589,0.4556925,4
1567979.38800363,5180280.53752284,161.97495,0.200000002980232,NA,NA,196.45905,0.28294012,16,218.11823,0.39540365,4
1569274.87741641,5180602.95797327,194.67313,0.200000002980232,NA,NA,196.45905,0.28294012,15,220.0589,0.4556925,4
1570145.55421953,5180168.65320132,169.15259,0.200000002980232,NA,NA,196.45905,0.28294012,16,218.11823,0.39540365,4
1571020.71210852,5180194.67131509,182.5936,0.200000002980232,NA,NA,196.45905,0.28294012,15,220.0589,0.4556925,4
1571824.39084411,5180400.61636602,202.78473,0.200000002980232,NA,NA,196.45905,0.28294012,15,220.0589,0.4556925,4
1573253.84254079,5179918.84773101,180.94688,0.200000002980232,NA,NA,196.45905,0.28294012,15,220.0589,0.4556925,4
1573943.0593466,5180253.23645741,184.28987,0.200000002980232,NA,NA,196.45905,0.28294012,15,220.0589,0.4556925,4
1559817.51909814,5178618.35290096,245.63452,0.200000002980232,NA,NA,196.45905,0.28294012,15,220.0589,0.4556925,4
1563186.24732932,5179146.29620322,216.77225,0.200000002980232,NA,NA,196.45905,0.28294012,16,218.11823,0.39540365,4
1563593.09743015,5179088.33318659,204.01785,0.200000002980232,NA,NA,196.45905,0.28294012,16,218.11823,0.39540365,4
1566353.29469972,5179332.34238242,202.59218,0.200000002980232,NA,NA,196.45905,0.28294012,15,220.0589,0.4556925,4
1567197.47912207,5179161.93606141,181.45425,0.200000002980232,NA,NA,196.45905,0.28294012,16,218.11823,0.39540365,4
1568587.94140115,5179231.45940756,173.18083,0.200000002980232,NA,NA,196.45905,0.28294012,16,218.11823,0.39540365,4
1569140.9822375,5179094.5319445,157.58362,0.200000002980232,NA,NA,196.45905,0.28294012,15,220.0589,0.4556925,4
1570047.6231743,5179274.49475468,183.03934,0.200000002980232,NA,NA,196.45905,0.28294012,16,218.11823,0.39540365,4
1571124.45081673,5179317.01506674,174.77376,0.200000002980232,NA,NA,196.45905,0.28294012,15,220.0589,0.4556925,4
1572074.57932477,5179261.06831856,153.29865,0.200000002980232,NA,NA,196.45905,0.28294012,15,220.0589,0.4556925,4
1573958.33562668,5179190.6557898,191.93857,0.200000002980232,NA,NA,196.45905,0.28294012,15,220.0589,0.4556925,4
1574862.21997085,5179357.11717848,190.59962,0.200000002980232,NA,NA,196.45905,0.28294012,15,220.0589,0.4556925,4
1559777.28594328,5178573.86727267,244.03906,0.200000002980232,NA,NA,196.45905,0.28294012,15,220.0589,0.4556925,4
1563830.02824508,5178624.01472353,182.00475,0.200000002980232,NA,NA,196.45905,0.28294012,15,220.0589,0.4556925,4
1565454.94830914,5177826.37689478,224.42552,0.200000002980232,NA,NA,196.45905,0.28294012,15,220.0589,0.4556925,4
1566126.42951308,5178135.28628383,183.78494,0.200000002980232,NA,NA,196.45905,0.28294012,15,220.0589,0.4556925,4
1566998.8480515,5178085.3379993,160.11989,0.200000002980232,NA,NA,196.45905,0.28294012,15,220.0589,0.4556925,4
1567969.73609932,5177800.98337004,177.48816,0.200000002980232,NA,NA,196.45905,0.28294012,16,218.11823,0.39540365,4
1569000.57535646,5178076.91802382,150.79477,0.200000002980232,NA,NA,196.45905,0.28294012,15,220.0589,0.4556925,4
1570089.8968843,5178175.92103462,172.86806,0.200000002980232,NA,NA,196.45905,0.28294012,16,218.11823,0.39540365,4
1571130.73731145,5178216.94318537,165.74644,0.200000002980232,NA,NA,196.45905,0.28294012,16,218.11823,0.39540365,4
1572089.10870031,5178241.96739976,170.23106,0.200000002980232,NA,NA,196.45905,0.28294012,15,220.0589,0.4556925,4
1573142.19131131,5178246.00200317,194.69577,0.200000002980232,NA,NA,196.45905,0.28294012,15,220.0589,0.4556925,4
1574007.59520117,5178290.51322333,196.95844,0.200000002980232,NA,NA,196.45905,0.28294012,15,220.0589,0.4556925,4
1575037.68995097,5178076.63157848,177.54152,0.200000002980232,NA,NA,196.45905,0.28294012,16,218.11823,0.39540365,4
1563475.98528029,5176980.61182288,183.82162,0.200000002980232,NA,NA,196.45905,0.28294012,16,218.11823,0.39540365,4
1564067.00501192,5177138.07842467,178.52142,0.200000002980232,NA,NA,196.45905,0.28294012,16,218.11823,0.39540365,4
1565031.61886323,5177602.44427876,200.41577,0.200000002980232,NA,NA,196.45905,0.28294012,16,218.11823,0.39540365,4
1566285.65827672,5177209.14321922,185.90192,0.200000002980232,NA,NA,196.45905,0.28294012,15,220.0589,0.4556925,4
1567074.35268522,5177283.14630394,179.78906,0.200000002980232,NA,NA,196.45905,0.28294012,16,218.11823,0.39540365,4
1568173.18210671,5177199.72218851,177.33463,0.200000002980232,NA,NA,196.45905,0.28294012,16,218.11823,0.39540365,4
1569030.60158451,5177130.7838864,170.28088,0.200000002980232,NA,NA,196.45905,0.28294012,15,220.0589,0.4556925,4
1570182.14724498,5177233.29017324,192.90164,0.200000002980232,NA,NA,196.45905,0.28294012,15,220.0589,0.4556925,4
1570980.57937191,5177339.27978619,164.5333,0.200000002980232,NA,NA,196.45905,0.28294012,15,220.0589,0.4556925,4
1571963.44483218,5177247.3528244,181.6769,0.200000002980232,NA,NA,196.45905,0.28294012,16,218.11823,0.39540365,4
1573029.01866314,5177332.35838983,173.75996,0.200000002980232,NA,NA,196.45905,0.28294012,16,218.11823,0.39540365,4
1573963.89956092,5177220.93575194,196.77559,0.200000002980232,NA,NA,196.45905,0.28294012,15,220.0589,0.4556925,4
1562915.000095,5175873.49881192,181.53586,0.200000002980232,NA,NA,196.45905,0.28294012,16,218.11823,0.39540365,4
1564120.02524831,5176278.90238656,184.4472,0.200000002980232,NA,NA,196.45905,0.28294012,16,218.11823,0.39540365,4
1564533.11080854,5176443.85871183,181.45413,0.200000002980232,NA,NA,196.45905,0.28294012,16,218.11823,0.39540365,4
1566043.0683925,5175729.19510599,189.27417,0.200000002980232,NA,NA,196.45905,0.28294012,16,218.11823,0.39540365,4
1566804.50783038,5176118.57960195,162.03189,0.200000002980232,NA,NA,196.45905,0.28294012,16,218.11823,0.39540365,4
1567989.54296055,5176277.06886809,155.14278,0.200000002980232,NA,NA,196.45905,0.28294012,15,220.0589,0.4556925,4
1569476.71697772,5176182.1694804,174.45598,0.200000002980232,NA,NA,196.45905,0.28294012,15,220.0589,0.4556925,4
1570103.96578457,5176303.14872864,240.81691,0.200000002980232,NA,NA,196.45905,0.28294012,13,255.27419,0.65902555,4
1571027.35972601,5176115.26006235,156.58267,0.200000002980232,NA,NA,196.45905,0.28294012,14,302.07278,0.53168344,4
1571626.35380923,5176586.59925287,198.42905,0.200000002980232,NA,NA,196.45905,0.28294012,10,361.86108,0.53872114,4
1572805.38319346,5176648.62015037,164.72057,0.200000002980232,NA,NA,196.45905,0.28294012,6,491.11566,0.68166685,4
1561322.66049711,5174664.86883691,232.82343,0.200000002980232,NA,NA,196.45905,0.28294012,16,218.11823,0.39540365,4
1562703.85190773,5175431.1534286,193.78465,0.200000002980232,NA,NA,196.45905,0.28294012,16,218.11823,0.39540365,4
1563093.46896222,5175158.77375118,201.62637,0.200000002980232,NA,NA,196.45905,0.28294012,16,218.11823,0.39540365,4
1563926.15968755,5175042.35742583,190.59781,0.200000002980232,NA,NA,196.45905,0.28294012,16,218.11823,0.39540365,4
1564889.77821923,5175339.79069094,177.89551,0.200000002980232,NA,NA,196.45905,0.28294012,16,218.11823,0.39540365,4
1566088.07145545,5175301.85972171,169.16005,0.200000002980232,NA,NA,196.45905,0.28294012,16,218.11823,0.39540365,4
1567655.97353713,5175152.98637846,221.14156,0.200000002980232,NA,NA,196.45905,0.28294012,15,220.0589,0.4556925,4
1569073.65801225,5175422.94649648,153.90182,0.200000002980232,NA,NA,196.45905,0.28294012,9,495.74252,0.7043546,4
1560931.33113453,5174220.51242839,258.795,0.200000002980232,NA,NA,196.45905,0.28294012,16,218.11823,0.39540365,4
1562542.71260953,5174473.50208731,201.10997,0.200000002980232,NA,NA,196.45905,0.28294012,15,220.0589,0.4556925,4
1563271.68299034,5174553.50880828,180.46858,0.200000002980232,NA,NA,196.45905,0.28294012,16,218.11823,0.39540365,4
1563800.01392155,5173959.75825297,188.00557,0.200000002980232,NA,NA,196.45905,0.28294012,16,218.11823,0.39540365,4
1565276.18351505,5174281.70973632,199.88303,0.200000002980232,NA,NA,196.45905,0.28294012,16,218.11823,0.39540365,4
1565945.16136304,5174586.12583076,175.35133,0.200000002980232,NA,NA,196.45905,0.28294012,15,220.0589,0.4556925,4
1557552.64152412,5173199.19648895,245.09045,0.200000002980232,NA,NA,196.45905,0.28294012,16,218.11823,0.39540365,4
1563202.53130101,5173218.50588893,185.40617,0.200000002980232,NA,NA,196.45905,0.28294012,16,218.11823,0.39540365,4
1563929.75943101,5173130.07772173,192.32985,0.200000002980232,NA,NA,196.45905,0.28294012,15,220.0589,0.4556925,4
1565161.03261518,5173232.10304845,172.48814,0.200000002980232,NA,NA,196.45905,0.28294012,13,255.27419,0.65902555,4
1564566.58939345,5171813.61162922,209.08069,0.200000002980232,NA,NA,196.45905,0.28294012,16,218.11823,0.39540365,4
1564598.57904473,5171779.62635368,193.36916,0.200000002980232,NA,NA,196.45905,0.28294012,16,218.11823,0.39540365,4
1564399.33598184,5168806.75178969,195.49962,0.200000002980232,NA,NA,196.45905,0.28294012,15,220.0589,0.4556925,4
1559772.92860606,5167676.87144864,193.259,0.200000002980232,NA,NA,196.45905,0.28294012,15,220.0589,0.4556925,4
1564229.45317741,5168015.54481977,187.71959,0.200000002980232,NA,NA,196.45905,0.28294012,15,220.0589,0.4556925,4
1564609.52570797,5168479.39085764,196.85495,0.200000002980232,NA,NA,196.45905,0.28294012,15,220.0589,0.4556925,4
1559664.98004753,5167525.92020119,191.52373,0.200000002980232,NA,NA,196.45905,0.28294012,15,220.0589,0.4556925,4
1559845.91261895,5167514.93712071,191.06586,0.200000002980232,NA,NA,196.45905,0.28294012,16,218.11823,0.39540365,4
1564107.80305302,5167228.33952344,171.10716,0.200000002980232,NA,NA,196.45905,0.28294012,15,220.0589,0.4556925,4
1560535.77883212,5165770.14268385,190.72363,0.200000002980232,NA,NA,196.45905,0.28294012,16,218.11823,0.39540365,4
1562714.94523548,5165754.3084695,192.32352,0.200000002980232,NA,NA,196.45905,0.28294012,16,218.11823,0.39540365,4
1564048.416256,5165931.83520516,173.7898,0.200000002980232,NA,NA,196.45905,0.28294012,16,218.11823,0.39540365,4
1560212.47567868,5164800.98407975,196.1064,0.200000002980232,NA,NA,196.45905,0.28294012,16,218.11823,0.39540365,4
1562317.11193668,5165570.84976149,199.878,0.200000002980232,NA,NA,196.45905,0.28294012,16,218.11823,0.39540365,4
1563316.49400979,5165325.51665105,194.25891,0.200000002980232,NA,NA,196.45905,0.28294012,15,220.0589,0.4556925,4
1563932.4986432,5165411.52793592,189.37384,0.200000002980232,NA,NA,196.45905,0.28294012,16,218.11823,0.39540365,4
1559690.22212824,5164191.17328673,195.639,0.200000002980232,NA,NA,196.45905,0.28294012,16,218.11823,0.39540365,4
1559710.96333402,5164202.6705973,178.59323,0.200000002980232,NA,NA,196.45905,0.28294012,15,220.0589,0.4556925,4
1572133.93878793,5178976.22569942,288.44,0.2,AMI 2,2,196.45905,0.28294012,15,220.0589,0.4556925,4
1572136.3989967,5178977.50689268,261.27,0.2,AMI 3,2,196.45905,0.28294012,15,220.0589,0.4556925,4
1572102.11271038,5178921.86469032,200.99,0.2,AMI 4,2,196.45905,0.28294012,15,220.0589,0.4556925,4
1572001.30604432,5178854.93018094,194.51,0.2,AMI 5,2,196.45905,0.28294012,15,220.0589,0.4556925,4
1571935.82868708,5178888.9737796,197.31,0.2,AMI 6,2,196.45905,0.28294012,15,220.0589,0.4556925,4
1574604.41268797,5182886.66372532,205.15,0.2,SW AVD 02,2,196.45905,0.28294012,15,220.0589,0.4556925,4
1572955.50370582,5183132.31520859,203.56,0.2,SW 6426,2,196.45905,0.28294012,16,218.11823,0.39540365,4
1571929.50418328,5197002.85539143,217.49,0.2,SW KAS 40,2,196.45905,0.28294012,15,220.0589,0.4556925,4
1572452.65327357,5183028.17291301,174,0.2,SW 6409 / SHY09,2,196.45905,0.28294012,16,218.11823,0.39540365,4
1574701.45700257,5182665.0316695,180.14,0.2,SW AVD 07,2,196.45905,0.28294012,15,220.0589,0.4556925,4
1575766.68002513,5183820.45812427,177.38,0.2,SW BUR 46,2,196.45905,0.28294012,15,220.0589,0.4556925,4
1570313.33049845,5180888.897557,187.54,0.2,SW CBD 21,2,196.45905,0.28294012,15,220.0589,0.4556925,4
1568658.30361972,5180927.98921469,175,0.2,SW FND 01,2,196.45905,0.28294012,16,218.11823,0.39540365,4
1573004.51328034,5196784.81864157,169,0.2,SW KAN 03,2,196.45905,0.28294012,15,220.0589,0.4556925,4
1573164.86200576,5196868.91661965,195.47,0.2,SW KAN 19,2,196.45905,0.28294012,15,220.0589,0.4556925,4
1571516.68040511,5196997.73869797,206.16,0.2,SW KAS 20,2,196.45905,0.28294012,15,220.0589,0.4556925,4
1570531.06042313,5180447.55085238,176,0.2,SW Z2-4,2,196.45905,0.28294012,16,218.11823,0.39540365,4
1570663.88542736,5180526.08587177,181.4,0.2,SW Z2-6,2,196.45905,0.28294012,15,220.0589,0.4556925,4
1571093.51377854,5180403.38998899,191.67,0.2,SW Z4-4,2,196.45905,0.28294012,9,495.74252,0.7043546,4
1564886.71499765,5182945.91281936,294,0.2,Burnside Park,2,196.45905,0.28294012,16,218.11823,0.39540365,4
1569572.57924847,5176184.17137887,222,0.2,Cashmere High,2,196.45905,0.28294012,13,255.27419,0.65902555,4
1571538.10205339,5183443.79056195,160,0.2,Christchurch Park,2,196.45905,0.28294012,15,220.0589,0.4556925,4
1571622.99042502,5180867.01468411,211,0.2,Fitzgerald,2,196.45905,0.28294012,13,255.27419,0.65902555,4
1573666.04690734,5178401.13933416,183,0.2,Garrick Park,2,196.45905,0.28294012,15,220.0589,0.4556925,4
1569320.65181097,5190100.75909926,223,0.2,Groynes,2,196.45905,0.28294012,16,218.11823,0.39540365,4
1568979.42367378,5179482.24017624,188,0.2,Hagley Park,2,196.45905,0.28294012,15,220.0589,0.4556925,4
1565724.05466414,5181051.36222689,297,0.2,Ilam Fields,2,196.45905,0.28294012,16,218.11823,0.39540365,4
1571123.97393483,5180201.43351901,192,0.2,Latimer Square,2,196.45905,0.28294012,16,218.11823,0.39540365,4
1574579.81234614,5181889.27511713,186,0.2,Porritt Park,2,196.45905,0.28294012,15,220.0589,0.4556925,4
1568717.75971558,5186177.86832485,188,0.2,Redwood Park,2,196.45905,0.28294012,15,220.0589,0.4556925,4
1564915.84415151,5179727.89413084,324,0.2,Riccarton High Fields,2,196.45905,0.28294012,15,220.0589,0.4556925,4
1692922.44761863,5676345.12081259,350,0.5,024A,3,269.42004,0.5950514,11,691.41766,0.7239429,4
1929774.16624397,5604530.50133583,196,0.1,029A,1,261.7628,0.5950514,16,218.11823,0.39540365,4
1863699.76781105,5544465.7052414,367,0.5,033A,3,266.11273,0.5950514,16,218.11823,0.39540365,4
1863439.38632713,5544308.15645568,403,0.5,033C,3,267.3153,0.5950514,16,218.11823,0.39540365,4
1823869.67628001,5463577.59843913,314,0.5,039D,3,261.48254,0.5950514,16,218.11823,0.39540365,4
1823869.67628001,5463577.59843913,314,0.5,039E,3,261.48254,0.5950514,16,218.11823,0.39540365,4
1406787.88784869,4914224.68216575,140,0.2,044A,2,266.02902,0.5950514,13,255.27419,0.65902555,4
1600809.50869019,5447413.13907103,300,0.5,050A,3,260.63278,0.5950514,16,218.11823,0.39540365,4
1483521.63597721,5376422.41713971,300,0.5,051B,3,263.5155,0.5950514,16,218.11823,0.39540365,4
1483521.63597721,5376422.41713971,300,0.5,051D,3,263.5155,0.5950514,16,218.11823,0.39540365,4
1505795.19753904,5336649.3518216,333,0.5,052A,3,265.79324,0.5950514,16,218.11823,0.39540365,4
1545083.54975021,5307970.41252497,391,0.5,053A,3,273.43427,0.5950514,6,491.11566,0.68166685,4
1623880.57227216,5430588.41378328,340,0.5,056A,3,268.93414,0.5950514,15,220.0589,0.4556925,4
1186830.18330778,4957213.88196876,298,0.5,070A,3,265.13727,0.5950514,16,218.11823,0.39540365,4
1843034.07259359,5680727.13157331,200,0.5,081A,3,264.61905,0.5950514,16,218.11823,0.39540365,4
1934656.32964357,5774760.33348506,350,0.5,085M,3,274.23373,0.5950514,5,736.6329,0.65327823,4
1783403.1951368,5601513.07427761,800,0.5,087B,3,270.79532,0.5950514,1,791.7739,0.6686169,4
1982936.58189521,5670158.86585136,155,0.2,096A,2,275,0.5950514,255,NA,NA,4
1532497.60273951,5312835.63633556,465,0.5,103A,3,270.95294,0.5950514,13,255.27419,0.65902555,4
1616893.83261193,5386887.44565905,367,0.5,130B,3,274.81845,0.5950514,10,361.86108,0.53872114,4
1982936.04533621,5670147.85261603,155,0.2,225B,2,275,0.5950514,255,NA,NA,4
1623723.8109244,5431110.67004819,335,0.5,259A,3,261.68674,0.5950514,16,218.11823,0.39540365,4
1684425.04401199,5428682.7439423,400,0.5,262A,3,268.72726,0.5950514,255,NA,NA,4
1543363.35855053,5371961.10497881,280,0.5,265A,3,271.9785,0.5950514,10,361.86108,0.53872114,4
1483529.2473754,5376422.54111082,300,0.5,266A,3,263.5155,0.5950514,16,218.11823,0.39540365,4
1505795.19753904,5336649.3518216,333,0.5,267A,3,265.79324,0.5950514,16,218.11823,0.39540365,4
1452859.03738485,5298829.36002442,210,0.5,268A,3,275,0.5950514,16,218.11823,0.39540365,4
1562661.13307315,5184783.6564114,400,0.5,275A,3,196.45905,0.28294012,16,218.11823,0.39540365,4
1775417.53180645,5577577.19172964,250,0.2,302A,2,266.47516,0.5950514,15,220.0589,0.4556925,4
2028418.59431931,5713066.07206598,156,0.1,709A,1,258.58496,0.5950514,16,218.11823,0.39540365,4
1932844.28486439,5601550.10767309,256,0.1,928B,1,269.16745,0.5950514,11,691.41766,0.7239429,4
1924789.46051859,5778194.53225292,320,0.5,931B,3,268.4754,0.5950514,15,220.0589,0.4556925,4
1561993.72988904,5185419.65711767,435,0.1,CACS,1,196.45905,0.28294012,16,218.11823,0.39540365,4
1569283.76825587,5180329.27269318,197,0.1,CBGS,1,196.45905,0.28294012,15,220.0589,0.4556925,4
1571514.66248992,5179368.48359265,182,0.1,CCCC,1,196.45905,0.28294012,15,220.0589,0.4556925,4
1569904.77068858,5179600.83718991,196,0.1,CHHC,1,196.45905,0.28294012,13,255.27419,0.65902555,4
1569649.67535534,5176302.72341664,213,0.1,CMHS,1,196.45905,0.28294012,15,220.0589,0.4556925,4
2028522.14150519,5713256.36885356,156,0.1,GWTS,1,258.58496,0.5950514,16,218.11823,0.39540365,4
2021409.04579288,5810462.34421902,600,0.5,HAZ,3,275,0.5950514,1,791.7739,0.6686169,4
1929764.43802405,5604487.21285766,196,0.1,HCDS,1,261.7628,0.5950514,16,218.11823,0.39540365,4
1932836.63095407,5601555.1068722,256,0.1,HNPS,1,269.16745,0.5950514,11,691.41766,0.7239429,4
1925350.84855345,5778417.68129678,220,0.2,KAFS,2,263.4218,0.5950514,16,218.11823,0.39540365,4
1572762.55538325,5197323.15551101,257,0.1,KPOC,1,196.45905,0.28294012,16,218.11823,0.39540365,4
1557078.510451,5169840.82036533,292,0.1,LINC,1,196.45905,0.28294012,16,218.11823,0.39540365,4
1623759.67147889,5431133.84512268,335,0.5,NCBS,3,265.7739,0.5950514,16,218.11823,0.39540365,4
1568217.81241433,5184377.93104094,180,0.1,PPHS,1,196.45905,0.28294012,15,220.0589,0.4556925,4
1574364.65763256,5180742.87950496,196,0.1,PRPC,1,196.45905,0.28294012,16,218.11823,0.39540365,4
1570514.38714888,5181156.69008769,155,0.1,REHS,1,196.45905,0.28294012,16,218.11823,0.39540365,4
1564805.81635674,5179549.37843032,286,0.1,RHSC,1,196.45905,0.28294012,15,220.0589,0.4556925,4
1521355.3617328,5155267.59463953,452,0.1,RKAC,1,196.45905,0.28294012,15,220.0589,0.4556925,4
1550041.16168885,5173164.15625987,447,0.1,ROLC,1,196.45905,0.28294012,15,220.0589,0.4556925,4
1572789.46937932,5183010.90251931,201,0.1,SHLC,1,196.45905,0.28294012,15,220.0589,0.4556925,4
1406821.82424271,4914200.28816655,140,0.2,SKFS,2,266.02902,0.5950514,11,691.41766,0.7239429,4
1544985.04425888,5163982.56862013,327,0.1,SLRC,1,196.45905,0.28294012,16,218.11823,0.39540365,4
1568766.12170711,5187192.33573973,219,0.1,SMTC,1,196.45905,0.28294012,15,220.0589,0.4556925,4
1186821.64296867,4957179.69695137,298,0.5,TAFS,3,265.13727,0.5950514,16,218.11823,0.39540365,4
1592120.79058109,5376591.1199437,800,0.5,THZ,3,275,0.5950514,2,730.71454,0.7424247,4
1557345.71297321,5177970.77580421,398,0.1,TPLC,1,196.45905,0.28294012,16,218.11823,0.39540365,4
1959724.3521235,5757421.24784026,800,0.5,URZ,3,272.25934,0.5950514,9,495.74252,0.7043546,4
1983055.45343015,5670097.45201839,155,0.2,WFSS,2,275,0.5950514,15,220.0589,0.4556925,4
1604394.79915375,5281441.45202593,504,0.1,WTMC,1,269.0047,0.5950514,11,691.41766,0.7239429,4
1111679.04695389,4934105.5915591,1500,0.5,BRKS,3,1068.298,0.6903283,7,769.95667,0.7053239,4
1802105.50852779,5815487.61686538,182,0.1,HBHS,1,263.54578,0.5950514,15,220.0589,0.4556925,4
1719121.72433999,6046866.85568402,800,0.5,WBHS,3,274.77264,0.5950514,9,495.74252,0.7043546,4
1574897.82114839,5184855.95283193,180.71045,0.200000002980232,NA,NA,193.07104,0.2840642,15,220.0589,0.4556925,3
1577028.02579681,5182299.00473608,175.56184,0.200000002980232,NA,NA,183.95392,0.2840642,15,220.0589,0.4556925,3
1576744.90840526,5181471.32761701,186.39116,0.200000002980232,NA,NA,181.58333,0.2840642,16,218.11823,0.39540365,3
1575644.69196406,5178199.60171729,184.11772,0.200000002980232,NA,NA,171,0.2840642,16,218.11823,0.39540365,3
1574788.31132001,5177442.37610056,185.47987,0.200000002980232,NA,NA,179.01799,0.2840642,15,220.0589,0.4556925,3
1575987.58400314,5177262.98807657,198.32352,0.200000002980232,NA,NA,228,0.2840642,15,220.0589,0.4556925,3
1576340.94299671,5177197.52639331,192.25317,0.200000002980232,NA,NA,228,0.2840642,255,NA,NA,3
1574053.87778177,5176825.09621612,192.37817,0.200000002980232,NA,NA,228,0.2840642,16,218.11823,0.39540365,3
1574993.01461054,5176429.78760003,164.39864,0.200000002980232,NA,NA,179.01799,0.2840642,15,220.0589,0.4556925,3
1576341.46484108,5176543.78959727,164.68033,0.200000002980232,NA,NA,NA,NA,255,NA,NA,3
1574998.28552526,5175804.03840692,244.34302,0.200000002980232,NA,NA,208.49768,0.2840642,15,220.0589,0.4556925,3
1575504.83791659,5175608.63567727,249.64885,0.200000002980232,NA,NA,225.14803,0.2840642,9,495.74252,0.7043546,3
1933261.13796534,5620565.33963384,176,0.1,014A,1,183.16321,0.2840642,15,220.0589,0.4556925,3
2037740.00310149,5706989.57175206,480,0.5,016A,3,275,0.5950514,7,769.95667,0.7053239,3
1935001.71933718,5619978.38562894,230,0.2,027A,2,175.85156,0.2840642,15,220.0589,0.4556925,3
1935001.71933718,5619978.38562894,230,0.2,027C,2,175.85156,0.2840642,15,220.0589,0.4556925,3
2036798.87112874,5711013.53640194,275,0.1,GHHS,1,271.24573,0.5950514,15,220.0589,0.4556925,3
1933111.06529977,5624044.50276154,243,0.1,NAAS,1,182.06424,0.2840642,16,218.11823,0.39540365,3
1933299.61897675,5620542.88917589,176,0.1,NCDS,1,183.16321,0.2840642,15,220.0589,0.4556925,3
1935057.33832275,5619744.70983993,230,0.1,NCHS,1,175.85156,0.2840642,15,220.0589,0.4556925,3
1934655.31377966,5774703.10830139,350,0.5,085D,3,418,0.25372875,5,736.6329,0.65327823,2
1934465.81565767,5774756.72294424,350,0.5,085N,3,418,0.25372875,255,NA,NA,2
1749109.13645376,5426688.27068828,245,0.2,132A,2,242,0.25372875,13,255.27419,0.65902555,2
1759407.40524184,5432579.28240001,218,0.5,467A,3,418,0.25372875,15,220.0589,0.4556925,2
1748882.38846274,5427848.33264781,474,0.2,647A,2,418,0.25372875,255,NA,NA,2
1748797.09240122,5427803.04927516,474,0.2,647D,2,418,0.25372875,10,361.86108,0.53872114,2
1748954.0652181,5427291.40192213,267,0.2,900B,2,261.12537,0.25372875,15,220.0589,0.4556925,2
1749036.27461537,5427622.73991553,250,0.5,900C,3,418,0.25372875,255,NA,NA,2
1748942.15689598,5428769.06420688,250,0.2,907A,2,376.76178,0.25372875,14,302.07278,0.53168344,2
1748786.97233297,5427683.3513159,358,0.2,911A,2,418,0.25372875,10,361.86108,0.53872114,2
1623231.09630339,5431700.49096391,350,0.5,925A,3,418,0.25372875,11,691.41766,0.7239429,2
1748954.0652181,5427291.40192213,272,0.2,941A,2,261.12537,0.25372875,15,220.0589,0.4556925,2
1377086.89327382,5061763.20034552,800,0.5,BENS,3,418,0.25372875,255,NA,NA,2
1748946.87189473,5427751.256896,323,0.1,FKPS,1,418,0.25372875,255,NA,NA,2
1578184.97828092,5171564.57896435,600,0.5,LCQC,3,418,0.25372875,255,NA,NA,2
1577789.43897922,5171644.2002914,760,0.5,LPCC,3,418,0.25372875,255,NA,NA,2
1623188.65650164,5431618.46885411,350,0.5,NLMS,3,418,0.25372875,9,495.74252,0.7043546,2
1749605.65599732,5430010.42431875,210,0.1,PIPS,1,418,0.25372875,255,NA,NA,2
1748637.57650758,5429504.89386967,453,0.1,POTS,1,418,0.25372875,2,730.71454,0.7424247,2
1749127.93534164,5426794.65594586,246,0.1,RQGS,1,242,0.25372875,13,255.27419,0.65902555,2
1749133.80125538,5427454.22772121,292,0.1,TEPS,1,418,0.25372875,255,NA,NA,2
1749334.47258227,5429133.8676537,271,0.1,TFSS,1,348.56216,0.25372875,11,691.41766,0.7239429,2
1748934.61604341,5428650.58471672,286,0.1,VUWS,1,395.59198,0.25372875,16,218.11823,0.39540365,2
1749246.26462362,5428760.70991172,244,0.1,CPLB,1,340.61697,0.25372875,255,NA,NA,2
1573055.00001917,5187259.99106195,203.15843,0.200000002980232,NA,NA,159.1076,0.3545938,15,220.0589,0.4556925,1
1573938.41849739,5186507.79426145,204.40501,0.200000002980232,NA,NA,159.1076,0.3545938,15,220.0589,0.4556925,1
1574095.12777474,5185325.7556041,192.23134,0.200000002980232,NA,NA,159.1076,0.3545938,16,218.11823,0.39540365,1
1569174.30198756,5184479.97841938,176.74574,0.200000002980232,NA,NA,159.1076,0.3545938,16,218.11823,0.39540365,1
1571062.88364563,5182235.88417294,192.48439,0.200000002980232,NA,NA,159.1076,0.3545938,16,218.11823,0.39540365,1
1570998.93510276,5181326.73296242,178.19048,0.200000002980232,NA,NA,159.1076,0.3545938,16,218.11823,0.39540365,1
1679870.17710108,5403762.60821808,235,0.5,048C,3,782.0686,0.6023249,16,218.11823,0.39540365,1
1679870.17710108,5403762.60821808,235,0.5,048D,3,782.0686,0.6023249,16,218.11823,0.39540365,1
1763209.60825168,5430872.98926194,120,0.1,646A,1,159.1076,0.3545938,13,255.27419,0.65902555,1
1763194.98399525,5430962.30098469,120,0.1,646B,1,159.1076,0.3545938,13,255.27419,0.65902555,1
1763194.98399525,5430962.30098469,120,0.1,646C,1,159.1076,0.3545938,13,255.27419,0.65902555,1
1678813.11714723,5404452.78385736,402,0.1,MGCS,1,782.0686,0.6023249,16,218.11823,0.39540365,1
1763234.40635468,5430838.11067786,120,0.1,WDAS,1,159.1076,0.3545938,13,255.27419,0.65902555,1
1348556.87761299,4874759.94637656,400,0.5,075A,3,NA,NA,255,NA,NA,255
1302221.12434021,5005797.0462873,520,0.5,118B,3,NA,NA,255,NA,NA,255
1133425.95739508,4994239.11803046,1500,0.5,CS2F,3,1068.298,0.6903283,255,NA,NA,255
